# tier	path	bytes	sha256
# Generated by scripts/make_artifact_bundle.py. Verified by scripts/fetch_artifacts.py.
results	data/aps/pooling_spearman.csv	1247	ead566baca70040178be17e7cc03781de7cff0b80af7e47ae1736023e7bac25d
results	data/collab_scores_aps_easy.parquet	4099699	992ce9ce0ff1b82cd4e03b59ca240a859d0936ac242757d2120d7918c08c842b
results	data/collab_scores_aps_hard.parquet	1872620	abe154c6b402f8b4089e4118ffaae29a0f0119748cf7e5bd667270bc5252636d
results	data/general_adapter/adapter_general_gemma.pt	1052598	6102912efeff111ceb35faa8cc37c397e6d9fd338e479ca987e30a535a4dca14
results	data/general_adapter/adapter_general_mistral.pt	1052740	6582899ad25d8edf12de2f5d10beb72e76a5daa537d0fea672f285f53d182078
results	data/general_adapter/adapter_general_qwen.pt	1052655	6d3dcafc9a56f8ab7fe11018c8e1124b6a29c4605758080ab259374445bae007
results	data/general_adapter/adapter_general_qwen_1x.pt	1052655	938c3ec1c072c5aae21c0cff40127bd26b9bcaa69b39ffc78a5fbc898e0c4de6
results	data/general_adapter/adapter_general_qwen_2x.pt	1052655	6d3dcafc9a56f8ab7fe11018c8e1124b6a29c4605758080ab259374445bae007
results	data/general_adapter/leakage_overlap.json	2582	2b32f736e1be56f82145c14bc2fc8c37ff1de96cce99b9c42eb63bc2455cca49
results	data/general_adapter/triplets.parquet	2661715	82c12a1187bc1a95458c29d468b1813029299236b5a3876ed21709c8ffb1a01e
results	data/general_adapter/triplets_1x.parquet	1311698	77bfdd76c255e54ab4609c5774a6f94988e997641a388d7bc3566bffceb28c8b
results	data/groupc/bench/pools/aps_pools.json	476	0be8aa04dccf350a691a58aca32311a3f1b28adfc36066ba63f4f1835b905d87
results	data/groupc/bench/pools/collab_aps.parquet	3340148	6f6068f7ce0b35b4c1ecc209ccdd888370269f38223fa30ed62ef9b936693583
results	data/groupc/bench/pools/collab_economics.parquet	6304834	04ea04aa1347a71ec78d22cdde80e87b30af944ea9ab2db2a27d0c587806022c
results	data/groupc/bench/pools/collab_psychology.parquet	6742768	89f2db6cc721aee66557a58e03755bee9e41c1644d56650366ea2fe5f09993f1
results	data/groupc/bench/pools/economics_pools.json	486	5ea65ea7cd87247cc437c7d7e301e5f177a6695a827cc1bb8af716b72391c713
results	data/groupc/bench/pools/np_aps.parquet	31662121	a4f16fa37468427da57fa82b88579797b4cd84db0f321ce179c599c19ac0f27d
results	data/groupc/bench/pools/np_economics.parquet	31820446	975cf3112ce34d124dfac57e90aa1cd01ede80ec1726ed00213fdb56cb9aac12
results	data/groupc/bench/pools/np_psychology.parquet	32037655	45d1ded3136d36e8d49d381becef21a2bb3a2bf85cb0240d1c61ae01dd126060
results	data/groupc/bench/pools/psychology_pools.json	487	54f9a1dc8f8c63dfc5e60b421dafc961aec48edf4a16786f0372a4e941b183e2
results	data/groupc/bench/pools/s2and_arnetminer.parquet	231520	1545cf73e0cfed647cacca899cf548ab449f7beb95cdc3965bbcb3b48334c958
results	data/groupc/bench/pools/s2and_kisti.parquet	1384398	ef80e8f63b8b403e21c967cfb5a07a0637013f4a839cf7f9a5fdf66539f85ab2
results	data/groupc/bench/pools/s2and_pubmed.parquet	45456	b38697982d40b8f3a0fc88eaa112b5a7ee6336fb550bc4c6b13c06f979462a5a
results	data/groupc/bench/pools/s2and_qian.parquet	98974	d18b712bfa552d3cbb9aad05d1e25592942b19742fbf7cc668222d6a1c90d7cb
results	data/groupc/bench/pools/s2and_zbmath.parquet	443365	f8408435cf877c8dd5ffb3b8f635f577dd3bdb070050ab99ffe5adcd57335dae
results	data/groupc/bench/pools/topic_aps.parquet	186239	cd411acb6e0496fd469e5dbd89b5e3fe93e39ab6f0e072d8191fdc2782e1ca8e
results	data/groupc/bench/pools/topic_economics.parquet	230006	eaa99418ebff9b94404c257271b0c095afe26956f4907273b7cc1fab47ef3940
results	data/groupc/bench/pools/topic_psychology.parquet	235259	02b172112d0f51011b0fa32f993ccd3f33117fe31d2eabd39c3ea79fba09d28b
results	data/groupc/bench/pools/topic_temporal_economics.parquet	306827	1f43b2a870d7f433322a664240ef8237d6471e4315ccbd1a42e161d8fa78df71
results	data/groupc/bench/pools/topic_temporal_psychology.parquet	254492	e2f434199fcbae2bf5bb2653578ca0ff76d6607180825a9da9ea15d2c2f7b882
results	data/groupc/fidelity/sample.parquet	225424	2738a042f8137d946d25fce8af1c22ee161aa8c817923f3612bd9b0631ec4d17
results	data/groupc/incoherent/clusters.json	1405919	685b1ef590e1e1acca22dba2a43a188ef6b8548a8ef483d595abd410713d3e61
results	data/groupc/incoherent/incoh_labels.json	27920	125fd731c6e2b51f0aa676d2294e58a352a7091cfd371d9c84a047e5295d1faa
results	data/groupc/incoherent/incoh_rows.parquet	13440	4eeab98f5486b1c93d8476182421f34586b5ce1ed3ff8609051c3ee1a18d68ee
results	data/groupc/incoherent/incoh_scores.json	67072	46406f62277df3e2d8529edccfd8e37c880d3fe6f140a44298b9835b4502b782
results	data/groupc/psens/psens_describe.json	223060	648cad8e6893555baeae1617985d4fb134608f32929daffac1a1e8852e5c3510
results	data/groupc/psens/psens_fusion.json	216679	4c64880966d492a0e674f8ca252c87404c3fbfaf177b183617d8036f961d3676
results	data/groupc/psens/psens_label.json	17713	5a80033ab1d7ec7a8a1161162e2aa38ae69d90ff04171a574215f0eb8d970d5d
results	data/kron/adapter_aps_mistral.pt	1052648	4ad53194f786344cac99c436a1d31f34d5eb5f2e407f62d6cdb832fd163cb200
results	data/kron/adapter_economics_gemma.pt	1052676	5c47c4b42d98099ac7772c4b8badd0982d7cfd160a050d67f1adee697ce6855b
results	data/kron/adapter_economics_mistral.pt	1052754	6b4c74a9836933e953d299a04ac6dde3c4bab26537d88d42e9f23bf6a7f7841b
results	data/kron/adapter_economics_qwen.pt	1052733	2eb69420efe9845f527f70c76aa2cdc0bf6e63e76d07d4c870ae4722c48f6a08
results	data/kron/adapter_psychology_gemma.pt	1052683	6509d231b370dd8cb3fe6ae885b37418b63a0c1c390365f2098bbd824ec77e87
results	data/kron/adapter_psychology_mistral.pt	1052761	b3e2abe56fb371a22ea63340acbc2bef0da35bc74a13404d8d8276eab5a4498b
results	data/kron/adapter_psychology_qwen.pt	1052740	8f2c94f226e7d7ceb0f110cfa9d4ae2d498d1c784fb8b9d7c2ce40de7b92434c
results	data/kron/results_aps_gemma_general.csv	565	86338edcccee1d9dbfa1e70faa089979ab3d0f4e2406b196297c9c775263ebab
results	data/kron/results_aps_mistral.csv	577	3c64aef7131b41b452ffeb0025e7f645c0bf07a0ae6fcee20fe928f875a62f48
results	data/kron/results_aps_mistral_general.csv	678	68f827efcdea56f5ffa08277906fc24d5cdf8421eb6abf49b7ca082a0a7e6ee6
results	data/kron/results_aps_mistral_mbench.csv	894	4253dfb3c2da98e1e7581d2a8ba802205a85efd09042407e7be851032716f191
results	data/kron/results_aps_qwen_1x.csv	536	ea032ed4d052481c395ade94ce2d2aebb17631f539cc4e418463cbdfc57e408c
results	data/kron/results_aps_qwen_2x.csv	537	1896536c7bd3b60eef903fb2aa87a8b2071538d2aa1a0e70950cd58acda7834e
results	data/kron/results_aps_qwen_general.csv	563	4421561bca4777075420c6f83805e8016291768837ef787f554694fd4b49fef7
results	data/kron/results_aps_qwen_gte.csv	709	92542ef0704e1fdad5b77fd78262d065a778bffe8a47c706af15127b6bb44efc
results	data/kron/results_economics.csv	556	ac4baacd560514104ca9d3ab9fe537520389b5e18be064099ba946543da846fc
results	data/kron/results_economics_gemma.csv	571	5eb129c73ee4326f1b0ce92d31b9dcdbc1d66609d0d1acea1b94bac7e93de92b
results	data/kron/results_economics_gemma_general.csv	682	7750e5ef06422b0e8693c60c6ed6c028d3d8a71a9b52ece66e0fc83f31ab92e4
results	data/kron/results_economics_mistral_mbench.csv	898	ee8d569654408fd1039a658501a423ee5e9b24a8b40c96c45ef28ea2e6c29a89
results	data/kron/results_economics_qwen.csv	564	748b9d3338dba025ba97898cb01314d1052047df1c4f2dd802ebdc2a0ee021b6
results	data/kron/results_economics_qwen_1x.csv	674	355dd90966a1462ccf98e76d1129c15e04a70643f5422aafb1d84b7eaf1a8c79
results	data/kron/results_economics_qwen_2x.csv	674	9f054cddf903dab13b5813d66a9353067d713a1675c06b7b89425804910c0ed8
results	data/kron/results_economics_qwen_general.csv	660	f842a58c912cac08481b2a8e719b9e0b01ea2f1ea5c70c47f0b9625f267f0bb5
results	data/kron/results_economics_qwen_gte.csv	771	26cf570208ec111a106742d35e7e8cf8fba5f488a2da70e9f56e7ce5474bf12d
results	data/kron/results_psychology_gemma.csv	546	c684def3ef8bb8307feed83f98edbafd26b00e957f6e623b697434052b11c7f9
results	data/kron/results_psychology_gemma_general.csv	657	4aab640f652297332fab783a1838468db2c3f6ebf94b78b9b6309b3ac870d287
results	data/kron/results_psychology_mistral_mbench.csv	859	01d41bdb7f9fcd60cf8367f397c529d4e108f2cf09b03dca1865904f892605d7
results	data/kron/results_psychology_qwen.csv	557	a3cb3fe837627c715f96640c1897abb16fae01983133f4a1cec70ac0fc67c5a8
results	data/kron/results_psychology_qwen_1x.csv	663	6e75d81080950da4af57bb33d4e3d97e52ce2d811ef25a4216c6797e6a646a8b
results	data/kron/results_psychology_qwen_2x.csv	662	6e44605f11e0d351cbbff15affe81b186397c0a340226d6634b0ecc4fed337c2
results	data/kron/results_psychology_qwen_general.csv	667	b72874f5ce4bff44280759bdb1a5256bc13dc78100550aeebed0fea95dbf4249
results	data/kron/results_psychology_qwen_gte.csv	783	905817c8220b56af453a8dd1f5f86fbb6878ab5abe4461b58dcad3c4150086e9
results	data/kron/results_text_kron_aps.csv	440	0495683c816c1acc1e256c779e0b588ecf22f1511f5a87313a3f41d2afe61fa9
results	data/kron/results_text_kron_economics.csv	444	e672e7bdd707faa8288d99918ce0e2116e7ce5c22351e4b9db8ed46081f28592
results	data/kron/results_text_kron_psychology.csv	445	66c9f354ebb56ab8d8071aed1ffe1aa9064a314dcc9f1b83867f70d975085532
results	data/labels/abstraction_angles.json	422	186da8c499204cf21e525d34df64ee4acb74146a7f37664599297821acde71dc
results	data/labels/abstraction_walk.json	9138	fb449d739bbf121abe45921874996771a3b75c27ee6ce5c57ac106d8edac1559
results	data/labels/abstraction_walk_fine.json	6761	655fb54d05327685752504e7c532b76859a4375ee47ab99eb7a40173c5da52c4
results	data/labels/bertopic3_labels.json	1076	71c90eedeaec11c44bb04da4c7c904037927cece8327d8742eab48f14a497879
results	data/labels/bertopic_judge.json	8484	f8795d7c29be7e6b057a4a773b2c618adcedcbb499019eead833c4fbc34c1437
results	data/labels/bertopic_kbi3_labels.json	1287	44c610c935d3efd140f87402a0c65a9788d786012d29014d15d17daaabde5202
results	data/labels/bertopic_kbi_labels.json	3416	8d6eef101e61ba538c7582d9801540ad512c7b111dc98baa2e802f1bc19eec1b
results	data/labels/bertopic_labels.json	2868	3ee1927deebaf6b30aff83d69a2f8538603e14d7567a34c41f757592a88b3219
results	data/labels/bertopic_raw3_labels.json	1066	a06fba0518a3e874623b6b9b04546b355a67322b12606d853ed9619cc97b6a7d
results	data/labels/bertopic_raw_kbi3_labels.json	1275	090a22f1869ad9c91514e52f0b726a3078c91b0fabbaee774e30305b8281d705
results	data/labels/bertopic_raw_kbi_labels.json	3367	b4223ed83890dad4bdbb3d9ef78f8e6347c5975bad5ae7606a079cfde8335b7a
results	data/labels/bertopic_raw_labels.json	2842	b984ec64f8874af103daf06dd6cb30684d64dfc5be40d58da7d122621c64ccc7
results	data/labels/bertopic_raw_topics.json	89468	48f37d4dd1cc5c5448803453592c6b42c36bff0b62e449229c6eab93fedc3cd4
results	data/labels/bertopic_report.json	59697	8d9fcdb086be0e9f578c17e3271f73f612f7063914c6299a332b650e6b27e9f8
results	data/labels/bertopic_topics.json	89534	105b52799009a5b23a4af75846791749851b2e693c188c6ae314ca3e8e2b3e95
results	data/labels/doc2lora_decode_compare.json	1142	db3cf0905131e1ed857091649ebee34149c29af84c18aa8d6e410b88b708e14b
results	data/labels/doc2lora_keywords_labels.json	2808	de85dc9eebe25ae14894f0968b76f042a92c64cfb9778d0ee88074d6da8c7097
results	data/labels/doc2lora_kwlabel_keywords.json	2807	d03a64488349bd350826cc1241f4b323c8d8c2b9773401e81e038439ee9b6af6
results	data/labels/doc2lora_kwlabel_label.json	1307	60e3ce2f7d0091d4978d0438de6cab6b5c3fb06bb64e3242789e856d3fc73843
results	data/labels/doc2lora_length_compare.json	705	b0bc2495ddfea76412db1c622ad31e6239bdfd47a1f3b341373dffd936a1c2d5
results	data/labels/doc2lora_twoturn_keywords.json	2807	e741050c3694d123c8f89db384697fecc6287a80096ba48f3d5ec6f28d9c63b3
results	data/labels/doc2lora_twoturn_label.json	976	51118b9a0563c1eceb1a233e421494fddd93e5814897fac76c33d8dbc8dba5bf
results	data/labels/doc2lora_twoturn_score.json	200	5386f6b6038d603fe30db9f8d206e5cb008f6d78a286f326c0294caa5818b891
results	data/labels/full_decode_compare.json	1845	56251ae4ad461e8e1030eefdbc8d828b98ed2cb76d7afdf892dc925bdec0dfe1
results	data/labels/icae_abstraction_walk.json	9382	2251acb92590d836090b971cc008dfc78d3ae19ab04fef281d5bb7ddb86cf1dd
results	data/labels/icae_field23.json	782	30ad52c69a8e1ef817fa90eb5f0abe9f2c691e9494f35c779f02767e7e0bd4c4
results	data/labels/icae_raw.json	865	edb295b3dfaf5c010ec0187e662ca3966d4f9259333fb7179946ccc04c7fdc34
results	data/labels/icae_tree_field23.json	3462	9b8035abe749374efca2fc6f4fef9129fb220e0a000b0b5d295867786ff558c6
results	data/labels/incontext_labels.json	897	a49a32779a80e5505fde369b3ea8ce8effe55361ffdfcaa0e6e06d4a8da485c3
results	data/labels/keyllm_compare.json	296	10f212fd098dd985efd89fa9d9d92f07c975c56555e5dfe34a9897675c81c6d2
results	data/labels/keyllm_faithful_labels.json	2622	fbe43b17c7449ec3ebcaf82f1ba6ea184fa86dcb5d18f41fbd5c93d9d74a528e
results	data/labels/keyllm_field23.json	804	a2443a4847fa9de6a9196ca3c5de5299e341cb2c8e4231f1de0633b6bfcbe78b
results	data/labels/keyllm_label_from_keywords.json	952	5d21f9b5308aaeaef47c7a559b1b1abc8eae63a2d068a7a6b4a61ba28b5fa582
results	data/labels/label_eval_metric2.json	361206	0dd64bf3edf6cce7334c91cb34da61fe8ad0ff2c96db542c0040b6722883333f
results	data/labels/label_eval_metric3.json	441881	115d85e94901535caddb3a78046406ac32cbe9f3dd4e27cdf62b93872aeb45c3
results	data/labels/label_eval_metric4.json	6809	bf2f8de893931d3d27b87744b7e159a3074b6678e0eb455f4257d18e5d2a6231
results	data/labels/length_vs_breadth.csv	1730	ccf00742b30b0e93f2da5339a54d6bbe316fbf96207e615ecf6bfbd3892cc99f
results	data/labels/node8_label.json	49	ccfadc1a44331ed8844b094e208bc55aa6c31c4a54388e6d6ab7f14d9377351a
results	data/labels/nodes.json	948042	34a33c290d33a11f2099b250025614180d12cdd0dfe609bcdd85c4b3740cc4e1
results	data/labels/qwen_fullrank_cot.json	959	62834c9b79a783f33630bb4ebd31584920161cd720083c1fe3e9373e55d5ef93
results	data/labels/qwen_fullrank_cot_full.json	8815	b79056b1233490cf456a2b6b093add91a0dec3c5898bb11317b2bba4e1f5aa0f
results	data/labels/qwen_fullrank_field2.json	953	55bd1d558d5b212af58cda85c1a13a7b4c90a9824a89c72d67dae547a958d3f6
results	data/labels/qwen_fullrank_field23.json	946	73d62ba86edb8ac2a632e27570800d91ee2f72988f2138c49708bd3d526e24a2
results	data/labels/qwen_fullrank_labels.json	1103	02260ab46aba2aec1e1c492e46fb68e6bbd597d949144b51eb4b01ba28a8fd36
results	data/labels/qwen_fullrank_labels_prompts.json	4102	d31c4bb9bc9b28948a22b81dcef2b55d4cc92518f3fbdcd1dc27007cce16b356
results	data/labels/qwen_fullrank_means.npz	17696794	db397a4b7c9f3cb564eda9541e99b4c3360452b2e928ff85f55b69e2aaab5fda
results	data/labels/t2l_dw_labels.json	810	337f8817d1d5d4dfaea522a7e4ac15d85bcbab92c3202f9608f90fda25b695d0
results	data/labels/t2l_gte_labels.json	822	13f8dd4c5be5a0983ae236529738bd304f263c6690fb08636e50038f6d4738cb
results	data/labels/t2l_hidden_labels.json	786	05b76f73452581bb79e2d776e49d5974bb18863ff9fa89e76be4d401279a1c04
results	data/labels/vec2text_abstraction_walk.json	12201	eb297a39c97c7500cc77173d05a6f7c8548c7858c2718bca2082dfe63d1700bf
results	data/labels/vec2text_field23.json	766	054f81b9bfae02b6c0ea7b4475d2e36a422276805192dc1e9e34fb0982444da6
results	data/labels/vec2text_labels.json	8931	5c90f424d235129bed122c22810423cac31fc628737a60d7837ec9ef7912eb08
results	data/labels/wiki_leads.json	4428	0ee2ffa07b661bbdfa0fc740a185486c49d45a9ae4697fdfc2602c2456e01d52
results	data/pacs/results/decoded_labels.parquet	194824	8acd3839c00deb19a14e46d6c616f26e17f7440ba01371cb01dad17a0836b571
results	data/pacs/results/groups.parquet	62523	36be76604db88441a1e92b11ac26061186de60f15802137d2150e0b870fdfc71
results	data/pacs/results/paper_groups.parquet	3629193	98e4eafa8022187cbe6b2c4f5a236fd650539ebe3fdc4dad9d8111204089f2c3
results	data/pacs/results/semantic_match.parquet	305304	d33015f7e53b065372a2ca029b763b8e793fbedf9f36a2625279d3feb2c4fda3
results	data/pacs/results/tree.json	148996	c0af83ee15dad21829f0aedd84dd53bbcb5cdfff54a9427e78d22432f2254235
results	data/pair_axis/corners_pairCSML_00.json	4141	1fa72982c15d1bf00631dc227d638f9bd0769c4089ac7b84ee24a65bf362ab29
results	data/pair_axis/corners_pairL1_00.json	2434	1cb460874478a8c9884a510240159d570396838bfd690ae0104bd6bf93ba9d50
results	data/pair_axis/corners_pairL1_01.json	3280	38f267a198b7c416aa5ffb24b820b9f8783cfc73025afaac003df42ce8fde0da
results	data/pair_axis/corners_pairL1_02.json	3155	3b32d42e40eeae14182ca99ad7add06e89e9d6942e3ea462b0ab5c8e930fb820
results	data/pair_axis/corners_pairL1_03.json	3577	d45dbe8f4ffed3dd513f9d4225d1dbcb0bc8a03227148da37b5c45e9a9c7502d
results	data/pair_axis/corners_pairL1_04.json	2481	50ce9dfdcf390d45796756a154cdc4c867706bde3fa320f4b52ecc473582d1c4
results	data/pair_axis/corners_pairL1_05.json	2867	86cd020982cb144a2071d3d0fcb0ab08cc53a5377167d749e4810ac8be100da3
results	data/pair_axis/corners_pairL1_06.json	2146	28917acc4eafd62ed8e63193878040722ba6a043f9418d3990612c126c25a960
results	data/pair_axis/corners_pairL1_07.json	2505	e1ad2d42ad3595b23420d20ea3d7b73415851b8e74937151bd9178a1dd677b4f
results	data/pair_axis/corners_pairL1_08.json	3090	757c5556d23005b50feb16fe609762bf9666fcc51c6b34699dc2b23ea66651b3
results	data/pair_axis/corners_pairL1_09.json	2647	660f26fee78ad0aa3591d8e72d0b74c7795e82d59aae2e3b619d9487057a72af
results	data/pair_axis/corners_pairL1_10.json	2535	9e48d441af9b84e46afeaa091900469a1e57f105da56458bc1bb3052ecbde9a4
results	data/pair_axis/corners_pairL1_11.json	3648	b431037e3e0a4063530e1dc38328e58d25837eb52177581506633c3371b79d41
results	data/pair_axis/corners_pairL1_12.json	2251	aa56a1620f0d6687e8d03e4c3a8a660be383f831c604384e49dc064844a0a149
results	data/pair_axis/corners_pairL1_13.json	2314	f822c567713a1476573e1378ae38ca196beec01ef56ed4014250b140694921e0
results	data/pair_axis/corners_pairL1_14.json	2303	4f731959b7653c79d83cfca9216f2c00ba1a0ef98890a54c0812539e7470803f
results	data/pair_axis/corners_pairL1_15.json	2783	cdd00011b6806820e86ca0677f1926b5d75131ae7172bc46a3d55c4c32138a0d
results	data/pair_axis/corners_pairL1_16.json	2820	1df34ffc58973567d723bb5f00175cdd6737219e635c7161ed77c1ad5c4b4336
results	data/pair_axis/corners_pairL1_17.json	2316	db2f1b9d91ec7f002bae8e3e50c47da5b68af6ffca0c4e6346357ef03c7cc41c
results	data/pair_axis/corners_pairL1_18.json	2108	0a3a721c091187a571584ea79eaf37910cdfa831ea0c799f10f6d164a2c89912
results	data/pair_axis/corners_pairL1_19.json	3568	db6b42d3d1129eab97c1861ec2dd2a2d11079cc51796e57331c4457ead3f2d9a
results	data/pair_axis/corners_pairL1_20.json	3182	ff5f06f0db4871f6878d439db207c2214c166c023c424f732e8e0d0721cc7a9b
results	data/pair_axis/corners_pairL1_21.json	2504	10b011c9c0b00b9a98509b15f2d2cb0f1f977791f4fc79cc2c0bdebea1e9b8fc
results	data/pair_axis/corners_pairL1_22.json	2660	4ca5372a45ada83573311faed2bc4d72c366942f52c4acf2c7a2a64fad72e408
results	data/pair_axis/corners_pairL1_23.json	2478	1e2f239c9aca3773662f308a07c5846e8c47a0dea9639ee04f8702f0edfb0446
results	data/pair_axis/corners_pairL1_24.json	2255	fb6d99aa43a965602f2da6a52e484977b0e9b2b6e773dfc2cb97b8410b01fc30
results	data/pair_axis/corners_pairL1_25.json	3169	d31b9d3ce0ebed93e03f4490c0c7f263537ebc447ae9f7d38278b93d1853882e
results	data/pair_axis/corners_pairL1_26.json	2234	27b47cd88b05aff9b033f6d68f29b84b97dba830362e085d1255ead942cd7c9b
results	data/pair_axis/corners_pairL1_27.json	2936	972b590f4e613dfe8b87e84264e33ba9fe2f61dd06ed1e6ce9d249029a82f14d
results	data/pair_axis/corners_pairL1_28.json	2338	4af5eadb0385d3db482a64bf4bb610090e1458898c2db0658276a3b8b1463d0b
results	data/pair_axis/corners_pairL1_29.json	2241	f070e2bb8273d3db51400ad0b45f1edeed0f96f7f67716b1c34ed54cf9702409
results	data/pair_axis/corners_pairL1_30.json	2412	79091add63f82edd1a01eb5b3e4af7fd2c6b52a47dc2d02836f0626147b17a32
results	data/pair_axis/corners_pairL1_31.json	2495	c2f67324707dfa39d7eeae19e41552ec5bbf74e2d90b1de5bb4b499213023d26
results	data/pair_axis/corners_pairL1_32.json	3076	bbc2f85a6e2ada6fccee112f6701ff61e542df08b2383c62ad6481050b7cd209
results	data/pair_axis/corners_pairL1_33.json	2133	0d944acc3f94d822c19e427663f3c3f179a89370844530e23db8272631f77cfe
results	data/pair_axis/corners_pairL1_34.json	2385	57a64671ebdfd3ea2d28910670a19210168634a72c28a8866018686ee20c40c3
results	data/pair_axis/corners_pairL1_35.json	3617	241bc1dfc479971d0cf46e369160fb0aabbad47b21c8f7a9ea927d3c829f4f50
results	data/pair_axis/corners_pairL1_36.json	2661	2b1e22b1bfdbba4b7f937aa5aaa0acfddf8a74daf97b7413566f183f201c3e3c
results	data/pair_axis/corners_pairL1_37.json	2824	6985283505d98759aba5839ee533067d9466d9abc651328dffd39123d6da76d5
results	data/pair_axis/corners_pairL1_38.json	2711	6488348037f072f567da413ab95d4c57687dddf663176656f044bfb4f25d6cf5
results	data/pair_axis/corners_pairL1_39.json	2780	fa4e0c946182be8c5d197a0ccc32e61005bfd8eec86b44ec7434c10bcdfc21a7
results	data/pair_axis/corners_pairL1_40.json	3025	dd332af84b13063490fc98e230bfefbd36b7e3e6d887ff0b3a359ba3113b6032
results	data/pair_axis/corners_pairL1_41.json	2976	0d3f028adee33345d9cf1ba265021255ab9078c91f4cd044e94569784c19d9d3
results	data/pair_axis/corners_pairL1_42.json	2559	2063aca6a0b2ab9d8d8a2fe1bc7bc4255723c3839dd6880ad64cc4d935e85d75
results	data/pair_axis/corners_pairL1_43.json	2492	8da65ec2f1efa128cc648c2fd0a6eb03e46415994b893b01d09d5deba55488a8
results	data/pair_axis/corners_pairL1_44.json	2594	38a2fd7c9ea15e6276d7d5a2bb4d77fd5f066ab6ec798347b71adfe0272ae598
results	data/pair_axis/corners_pairL1_45.json	2439	8090173bd8ccf35791ed1e2b4e96ac9976c087c1cdd1ed4de70502c52442b939
results	data/pair_axis/corners_pairL1_46.json	3625	b78989c9cc89e387200c10b59410413e37ad2a64368eb7f8027e9e14b9cf1fba
results	data/pair_axis/corners_pairL1_47.json	3386	48e34e701eacef0ce23fa916dea5607edc49b0d45575224f6d261eb965fb132b
results	data/pair_axis/corners_pairL1_48.json	2524	91a74aa7a15d406756109bc06eb6adfc19d3018630031885fb9d8c56bec22433
results	data/pair_axis/corners_pairL1_49.json	2618	4c23cc791a5520c418a8e484723f17552e6da63754638dcf2e8f32b075bbc317
results	data/pair_axis/corners_pairL2_00.json	2611	175262af762fd26e3c3a32d84dda03101bf7adadf57f9a82f5e77c32693d15d5
results	data/pair_axis/corners_pairL2_01.json	2526	a7822906443deaf24a23ecb569a22dbabe3c7808d58164e91243abcac3feac1f
results	data/pair_axis/corners_pairL2_02.json	4104	58a8451572297abc409f88ad247af378e0d8a160bf42185686e8b50216d5fb55
results	data/pair_axis/corners_pairL2_03.json	2251	6f6778cc63ae7d8f716aa4a86c3fea7bc8bd3b1d900befe412ea91ac363646da
results	data/pair_axis/corners_pairL2_04.json	2468	e4caef97550fe59b731d9ac509cbe69a0edece87ad546aae472ba64e20b4a881
results	data/pair_axis/corners_pairL2_05.json	3125	98fd5eb32e660cc6e80216ed94c2803cf3799c42b8fa39cc767ec07526c96c8d
results	data/pair_axis/corners_pairL2_06.json	2278	a8fd1d587454724bb9be3b45f4f28b4b49b2c158b32f035878384592ba91b399
results	data/pair_axis/corners_pairL2_07.json	2704	d8ec622dbb34c6e54af1342aca16e93e5710d84e610e7ced1accd5863fe83be4
results	data/pair_axis/corners_pairL2_08.json	2824	0a2cdae86da3e3ad93d0d4114324eae1c71d63ebd0dbeaf5f092d11b1d0eb2e5
results	data/pair_axis/corners_pairL2_09.json	2713	9533f18c42fed3eb17599ef1862ae6ac937ad24ea8417dc1aecb3b7603b9825e
results	data/pair_axis/corners_pairL2_10.json	2701	cb93af927c93c66741505f5333a220eebc0599f3c645e710b417ca22d02be929
results	data/pair_axis/corners_pairL2_11.json	2718	ad47b4983d1ba1da66e46d70148f7e23bb4e032d934859b6d912af7ad9661ec9
results	data/pair_axis/corners_pairL2_12.json	4903	ea48303881162af344b17524798b845e88f94ae894192f04f519cbc323f860dd
results	data/pair_axis/corners_pairL2_13.json	2288	b5c07107ba9521d2d64c5203a107174ca152a18a1a08d68875ab58c94b25eaf1
results	data/pair_axis/corners_pairL2_14.json	2677	c7dd82be2813282ea95b459c5fb35f87fecf02e520f9fe058720a5bc41921707
results	data/pair_axis/corners_pairL2_15.json	2177	6aecd7058569accf87e89c36bfdd4fcd48c218a702ce916e5633fc85bf96b34a
results	data/pair_axis/corners_pairL2_16.json	2353	75d0021ebfa051cc2f732fd097bb8127ea27a0b513a1b022e792279460aae715
results	data/pair_axis/corners_pairL2_17.json	2699	794c4b859d28f1ce19dfedbabc3d92c32f7f78805d0e1e2cb407b9935d6954a5
results	data/pair_axis/corners_pairL2_18.json	2523	10be4cefbf3f07d997e326c3990baf445270db0a12914d242115f992518f1885
results	data/pair_axis/corners_pairL2_19.json	2420	14fd786b98bd9eba0fb993c6d31a0d7a123863b732c5c729b9fdbe4c87d63e5d
results	data/pair_axis/corners_pairL2_20.json	2263	337971aa7d00ab4ba53b93c62a030a591684b2c9870dcf4de8d0ea2e0da0dd89
results	data/pair_axis/corners_pairL2_21.json	3025	71735652436112a5bd2f8fc28cc0dfef27bfb679857aa757344d3fc049f34543
results	data/pair_axis/corners_pairL2_22.json	2127	e9b23076d9a05fc116c97ce47dbd23650fe35af7d99783cbf1f2845b9e56c4db
results	data/pair_axis/corners_pairL2_23.json	3131	f9524e5657c07dc31a0508751aa6309546c926485efc9720314a043cf2b44b5e
results	data/pair_axis/corners_pairL2_24.json	2145	50a300b075f1d87843ac29b0916ff99a35a4a7cbd100541a55d4487923917ae2
results	data/pair_axis/corners_pairL2_25.json	2552	598bb6869ee8563c1e8d1de9addc56148e2c98afbd5ae711e7caa849686f0b22
results	data/pair_axis/corners_pairL2_26.json	2162	cc4f9ad85e0ada0678a96916242c439c5545636fb0ba118098f0d79d016031fe
results	data/pair_axis/corners_pairL2_27.json	2646	a87b0fa2ae43196534eec2ef40584085854e879a39b792f4319aaefe0a7c64a4
results	data/pair_axis/corners_pairL2_28.json	3441	0251b72732200b762de796864dae63d18a9e336922859c97534d8a2cf3976aa0
results	data/pair_axis/corners_pairL2_29.json	2514	e8abc807b65ac75abbbde39422e3406a025a4f56b7cf8cdefaa4e1ea65c9489b
results	data/pair_axis/corners_pairL2_30.json	2420	1347f379326894f2403385fd2b0e545c126ea587bf8896becd917bb852665129
results	data/pair_axis/corners_pairL2_31.json	2238	4c87614d779d6e13c02d4992180b932bdf917ffa33eb7b48c0e817be48afa440
results	data/pair_axis/corners_pairL2_32.json	2724	f68d1bf8b6664f8abd633fac0e695564df70e7c9d4ee5ee539af2e967bd81cac
results	data/pair_axis/corners_pairL2_33.json	2748	581cf05615fde96d7486e31e89ab6b048e7a539062dbc1041988b1960a0cf661
results	data/pair_axis/corners_pairL2_34.json	3230	f62aadfc8e2bded2f32bcaa8f5f65b84d0e59919cff3d66acc079c6fb5a00ea8
results	data/pair_axis/corners_pairL2_35.json	2581	213b80a73079d4b10b2102b994231c86a821db8e527465ea6051f6cae83e765b
results	data/pair_axis/corners_pairL2_36.json	2400	1679b11b89a1e044f767f80793dde57d981244620f58cb95eac0317d9d70ea3b
results	data/pair_axis/corners_pairL2_37.json	3104	f7ef65bb0a400b0201af16e972bbf60b46c785768ae3159c54730a180be4fda8
results	data/pair_axis/corners_pairL2_38.json	2450	dbaafaa694414136c5fe2cbd0bd9a4f261d6967a7916c238db572be9473eca4a
results	data/pair_axis/corners_pairL2_39.json	2845	c4b91ce812f8be653837b2f28f0d2d998b58c982fe50199c8e6cf2a39ea21f63
results	data/pair_axis/corners_pairL2_40.json	2610	43882818d25233c3688a2ff1872636c86fb7a4ce993fde908742d03aa5aaeffc
results	data/pair_axis/corners_pairL2_41.json	2040	0999a728645f75aa89649a48b4131421fd5aa1f27f3223e26522668e16294bff
results	data/pair_axis/corners_pairL2_42.json	2515	bac0850b524ac97a505a3ab6f730b94b9120ee9e7e4376f44516261c487a5281
results	data/pair_axis/corners_pairL2_43.json	4210	1152f419befec896f3cdea78e6fbb7e399e32255c43fd903ccb8f0f34241fa1f
results	data/pair_axis/corners_pairL2_44.json	2102	808a0580ad2f40471405108669524cb67a402b2c2ea367bcd586062aca44352e
results	data/pair_axis/corners_pairL2_45.json	1988	8d58d45364cf3a2aebc2ad7f2ff81c564e80d8d716c7ba5836bf9064f1028a10
results	data/pair_axis/corners_pairL2_46.json	2549	422aa29e617e3dcb6b36b72574f17dbf481dcf68fa961c770eab396ce4bd3e44
results	data/pair_axis/corners_pairL2_47.json	2832	e528585c67cb6f49618eaa8a4ca3751cb751af07f8364b55a6f1b514a54b34f1
results	data/pair_axis/corners_pairL2_48.json	2362	7575b2f0c7c0ad41a82f3531aff20e149407c29cd5331d1acaa246bcd8ab46d8
results	data/pair_axis/corners_pairL2_49.json	2115	ae04037819a507a5a15caf3db15b53009e59d6405a2bdd7782f98dbd760456fd
results	data/pair_axis/corners_pairL3_00.json	3039	1cd933aaa9b4545e45de4532d0470ec66fe4829b883b4867f67e4d6a21d82684
results	data/pair_axis/corners_pairL3_01.json	2154	475d000d0727d082c2fff438912dfb799e48b0e2dd55fab5974ee89229672061
results	data/pair_axis/corners_pairL3_02.json	3852	237f0c399fe984915a4be9741ce163d3c7ab9fb46f7ec906c3c9cbc969c81854
results	data/pair_axis/corners_pairL3_03.json	2234	4f976d08095c74d39310420d413516366d5c0cee369394cf84079f9e1d05641b
results	data/pair_axis/corners_pairL3_04.json	3406	656eaec469e0010a28bc211b2516eb9c7fe235ff468ac73564be5842231a705b
results	data/pair_axis/corners_pairL3_05.json	2531	1ea3dccb95517262819ef3b82a92ce99b3181751ac035e1ce833634deae626eb
results	data/pair_axis/corners_pairL3_06.json	4257	8b0351f5abe8015c2362820581b0d1033df5e1d820b9bb4c29a48283a4b8919a
results	data/pair_axis/corners_pairL3_07.json	2135	a8dc3da5614ba307d1c50c18b5521a7a887c88445e2540c54011b113bcf7a899
results	data/pair_axis/corners_pairL3_08.json	2517	fbf284317dc547d9ed2f9cc65382e213fdca31cb216d40704b96c936a766368a
results	data/pair_axis/corners_pairL3_09.json	2717	5b7adb660853770abfa5166985802a1bf5105631078249c922f1cb535be31dfa
results	data/pair_axis/corners_pairL3_10.json	2507	e770535022bf9a06995ab4775bb86bdf8ca2c8f2c7445d098dc0dd2e9c8e04df
results	data/pair_axis/corners_pairL3_11.json	2167	c2f3d372e6663193f56fd4a2f4c805f92a0ae4f917150cca160f5334c2517afb
results	data/pair_axis/corners_pairL3_12.json	3201	2b981b5015483a763b4d9b52a6666590f00e4640e633e72f2a0a0095c23fbe11
results	data/pair_axis/corners_pairL3_13.json	3062	c8e4bf1bebc35ae3ca6a6597e9a4b440c2b2a3f3482ea492b9531c6802f42e2d
results	data/pair_axis/corners_pairL3_14.json	2157	a853ef5689ae02cf32cb1b90ca4b441f33a65730080601713f67d9717747491d
results	data/pair_axis/corners_pairL3_15.json	2677	5ebb224ba9dd4d852cfb12f0547e16ef992e4ccb9b7140189d32c49f5a69a1ed
results	data/pair_axis/corners_pairL3_16.json	2516	ea4f11a200c8258dff9bab4e12d30724a1d8cb70adbf9accdf45fc760b9afbf6
results	data/pair_axis/corners_pairL3_17.json	2632	393f98eb9e55e8ff4eb6d3938a95cff81bb8956212d63915cac8a6ed162bc98c
results	data/pair_axis/corners_pairL3_18.json	2621	0b5008d7ab0006f59c07fc1fbf7bde677a968b721d03b4422a9afd66df294297
results	data/pair_axis/corners_pairL3_19.json	3735	d5174210a6762578f4b4501986eb75ce4e738805f348d31873bee141677ffaf6
results	data/pair_axis/corners_pairL3_20.json	3852	c04db05804fc2e58e7abece7fb47966eeb02c3bc4a9d1af7a44d5ad954e29ec0
results	data/pair_axis/corners_pairL3_21.json	2201	5f0b21524f21d5c36456cb0325cb211d7474935a89366b5f66bba707b34a5bb8
results	data/pair_axis/corners_pairL3_22.json	3016	8f54fda10a3ab441046953df423c109ac52c946e622d310b15af64934b72983c
results	data/pair_axis/corners_pairL3_23.json	2171	e3f73f5caca41a12b93a5eccb2b3f19ca23f0dbefa13201fbb5fa68015d6aa3a
results	data/pair_axis/corners_pairL3_24.json	2973	36bbc20ee6adafc127bae0bacbe9a8c1d86a0601d09a76477b2e7e33704a397a
results	data/pair_axis/corners_pairL3_25.json	2344	de94a08eed3e32bf5f2bb949bd7d6de7ce44e38e5294c60cd5881ba374e20039
results	data/pair_axis/corners_pairL3_26.json	3078	0d4f46b16b40b0a0396ffff2dddbe646e1a5603ad58cc82c7d5efe2cd898ebcc
results	data/pair_axis/corners_pairL3_27.json	2056	3d5e3217ae5f69d5ff1d23bdce83e9ef2f133eec9baccadbb274adde79137c67
results	data/pair_axis/corners_pairL3_28.json	2073	7299236860535147bca11b7116cf3066f522f0bcc7ef77ed5bb0abcf1b0af355
results	data/pair_axis/corners_pairL3_29.json	2092	b33c87c1d589a2f44b9491ac536f36eab0af3d86df58befc3a2937be9b5486ec
results	data/pair_axis/corners_pairL3_30.json	2433	6edf48806b0b30c6b88f4f99c74230a5db5309d6f89c88161e36d1ad92465f79
results	data/pair_axis/corners_pairL3_31.json	2216	3c70f8ac5d6db62e6c1aff0ba3657e85c4a56dcc24417b84d19984513606bca5
results	data/pair_axis/corners_pairL3_32.json	2642	37faa11b80a4fef7fe3debeb67b3f8096bc0f1ed71d92d0f8e7b6ef02c649fca
results	data/pair_axis/corners_pairL3_33.json	2737	93385020b9ed9706b3ddb216cfd847b9a966c2ace6d50271971eef3c84e8e7a6
results	data/pair_axis/corners_pairL3_34.json	2969	e8e465174d7e3328e62f842d01a0f9de4768ac67c142cddba0dc5965908752bc
results	data/pair_axis/corners_pairL3_35.json	2512	1d95e20a4f7b6a11a9eca0b156df5d01e23e22bd57f0bc52bf98812459dc62ba
results	data/pair_axis/corners_pairL3_36.json	2407	9ae03c111e6df43131fd9e8ef719914a6e3a9e45c2431147ea2eef7090c53928
results	data/pair_axis/corners_pairL3_37.json	3553	a2df370562bcc744bb11af77f66a2539ab86bb67277b923c076b235c7bda9c21
results	data/pair_axis/corners_pairL3_38.json	2947	8952915bb2c7e72ac2bcf6e91817bc758952622bb5e02f5755b57c4925fe4c68
results	data/pair_axis/corners_pairL3_39.json	2094	3c4b5de6834a8f7e04c0de41f478d7121fbb4001dcfee5a4ca647bb8a13e3220
results	data/pair_axis/corners_pairL3_40.json	3275	34f1b5de2b09e3abec228cf616598a78a3625565b76911a3f0135bcdf24589ed
results	data/pair_axis/corners_pairL3_41.json	3632	a7e987ccfcb6d892faa20f1dc82e696812ffa14f3ec41cd49c8718aea194ceae
results	data/pair_axis/corners_pairL3_42.json	2559	9c7356cb71ee123701c4be9dc9e5f885285b56671fed246880db06158cfdf7d2
results	data/pair_axis/corners_pairL3_43.json	2640	20b0bfc5694a728a6e6634c44823019bd6abcdb3aef868f0f47f952bd6dae087
results	data/pair_axis/corners_pairL3_44.json	3050	8954a735aaae91ccf80bd9160e9201c2c5195cbe1721daaba39dc5e7a61153fc
results	data/pair_axis/corners_pairL3_45.json	2222	f920cbdb88a19418c17d460ec97ef43b1c938af7f75cb707bd648e6e5e51d744
results	data/pair_axis/corners_pairL3_46.json	2987	28b368106fd8694485451b6f8ec186303e54b9f59f276c705cc6d5e39ea3649c
results	data/pair_axis/corners_pairL3_47.json	4049	4e868b553b50a888bf2abf53a763067143eac9bb61b353ef0c567d9c9862c0cd
results	data/pair_axis/corners_pairL3_48.json	2864	9f5ee268e70c327ba6db94f736d721c42cd4cbd421b42d4d90e2580892b0e1d3
results	data/pair_axis/corners_pairL3_49.json	2742	6d94a5886432fabc9da0b8e385ef36a0aef2f382f59f7c1536972db6b8d9896d
results	data/pair_axis/corners_pairL4_00.json	2601	aa815878bbdb7486fbcb568257054f1f40f6f6e714935dbcceb56c7b229badb6
results	data/pair_axis/corners_pairL4_01.json	2072	9c7654e5464738d543e3af40bbb9344a454acb987560654a76070cbb55659cf2
results	data/pair_axis/corners_pairL4_02.json	2651	da4a0e011640c146bf63abb09f394f5b4a5c80cadb41c77c8792c34b7fb8ff94
results	data/pair_axis/corners_pairL4_03.json	2275	b1392231589c0a2597aaae30fa4e4334354038ce18611a439c45742ed3baee9d
results	data/pair_axis/corners_pairL4_04.json	2719	d75411b2352467052f3f5b94b008930ef327c62237ac00472308ed5418e408b5
results	data/pair_axis/corners_pairL4_05.json	4015	7503896e5606cf1840e6ea6fca539b63402fa2bcd95fc9782d9f4e56828fa104
results	data/pair_axis/corners_pairL4_06.json	2374	e9d73fbec7a5158a90395c59422be6295f596fd8526dde5c877463a242cf699d
results	data/pair_axis/corners_pairL4_07.json	2515	1f7fe5470c202b788a6ed38bec091871f8be4cc71fdf74de2e0ea85480afbbed
results	data/pair_axis/corners_pairL4_08.json	3175	bfc6cb5a21def656df1f0dddb7cf5d2be869c7bbd8f1d0df003e89508678bb8c
results	data/pair_axis/corners_pairL4_09.json	2526	59048058193a254d7bd4747182c17dfb2c981bf3e32de225ec34845d1aae8419
results	data/pair_axis/corners_pairL4_10.json	3003	a4cf24656c96e76f97c0917027034e3839e33c17ebbd0cf395217163835a7428
results	data/pair_axis/corners_pairL4_11.json	3201	80d674fca94ee6de965e67ab56f6cc7b224608f2ee972ac58d91200999d7f8b1
results	data/pair_axis/corners_pairL4_12.json	2192	8e5d1fc9c2719af5f1fde7a225de81aeb651bceda222fbc0358b3dd2efa8ee33
results	data/pair_axis/corners_pairL4_13.json	2374	c46addf2617007d9a701fb27392a90b375d16562ece252a654383cdc47673daf
results	data/pair_axis/corners_pairL4_14.json	2690	f0c963aefca4bc670e5fbe89813532749d857f33cbe09cc037958f5a78c76b24
results	data/pair_axis/corners_pairL4_15.json	2168	0e349ffdb15c64a12f575b311d093b8a8dbcef43c742a645b7fc61692c80805c
results	data/pair_axis/corners_pairL4_16.json	2700	32a4c84d1d5bee0d34e5f12fa466d295d149f23bfb3bf3e4c8cdb94cafc82ab3
results	data/pair_axis/corners_pairL4_17.json	3022	275b74f12eb3999199a53c13c7544f7ebb3772c7383c43763cb74c873a6b900b
results	data/pair_axis/corners_pairL4_18.json	3485	29ca142a3bb7103606d71ae4e8629deb647e8be72084e6ecfc1954c4d82e3c42
results	data/pair_axis/corners_pairL4_19.json	3318	a6e3bd06860308aabb17360001177b4ae5372e077b3026faa170264e70066946
results	data/pair_axis/corners_pairL4_20.json	3290	65dd650898588b107d8569214f7558e0285a21fab921564a66e94255c6de777c
results	data/pair_axis/corners_pairL4_21.json	2139	17682a3f52f658dd0eb5367896bf5074456b6cd7ae368a20608d07d20cd686fa
results	data/pair_axis/corners_pairL4_22.json	2759	0d3526de8936027e2ce5b190557574643f015d942981f66ac43ca7ff603adc1e
results	data/pair_axis/corners_pairL4_23.json	2118	8cc215d59802c4b46b252d894077793c8178bd43532af05152beca791f707d3e
results	data/pair_axis/corners_pairL4_24.json	2333	79757bd043fda92751cc69295c8160236ab1dd8a2938ae5e2057de033f8bb557
results	data/pair_axis/corners_pairL4_25.json	2260	8b875ec9084c6cb6a56844f831642ebfdde9797d81fac85166ee53e696840b6a
results	data/pair_axis/corners_pairL4_26.json	2228	fd0fc519cd5e3b8d94d7ae0edf746bf54fde06ae03e036ca5b933e165cca3114
results	data/pair_axis/corners_pairL4_27.json	3399	13b5e10d3aeb8d125fa40c310391d9fe0ff18ae00ccb442a8abd70c471381b2a
results	data/pair_axis/corners_pairL4_28.json	2641	4fc9311b632368c3242763f75f496ef7655e93f798a85fa2e7e4eec559fa121d
results	data/pair_axis/corners_pairL4_29.json	2102	48cdfd1150a831c38661ea0a641a31422cd102a91230369885fa262cb8128503
results	data/pair_axis/corners_pairL4_30.json	2213	76826617bf2170ac65bcd71ec9403ae0254c2695a6a7a0139a78edb6d0da3da3
results	data/pair_axis/corners_pairL4_31.json	2259	821faa7fb2560032b1e15b0f85d1d4364e626aaa783d92c45b56bb3f85ee3128
results	data/pair_axis/corners_pairL4_32.json	2584	b3100caadf93f6d5ea2dd052abf79a96c10a96cc42bd472bd7ce84ab69a97557
results	data/pair_axis/corners_pairL4_33.json	2606	d5a03526c8c35cf52f30bb25d26ecabc6e99071b083bb8382a79fabe3970e2a7
results	data/pair_axis/corners_pairL4_34.json	2125	824fe8a94b68d60f5e469e859717ccc5c85007893da1ed523a2745d1505bb2e1
results	data/pair_axis/corners_pairL4_35.json	2652	0df65f58c4e2a16048930336ad0a6febf24c42b60ec70586ab65da76929148b4
results	data/pair_axis/corners_pairL4_36.json	2663	cf84398933ce602336e1d34a265f22e4e9ebe2f12fc18c908e8265b6500d8d2d
results	data/pair_axis/corners_pairL4_37.json	2518	4cfc3a5f3ee9b7c9da8ca4a2dfe11e5d3ae413fb54e0c40970073d2fa65507cc
results	data/pair_axis/corners_pairL4_38.json	2668	c5eb173e881eb3d48c6fdbea6a0c7595e659b8d4da231dbf420ca5d02e986ce4
results	data/pair_axis/corners_pairL4_39.json	2622	8062ac368e4cd3db1c9b4d015d4d026f633bb8b1480ca966a69e60e020f1c062
results	data/pair_axis/corners_pairL4_40.json	2268	9044120dac598bdf60bce3291f036d5f137898dba9a611ac686b01204863a2b4
results	data/pair_axis/corners_pairL4_41.json	2530	aa9c849a80c3764b1aa16a52ddb3f124cab371405ea1daae5752679718851138
results	data/pair_axis/corners_pairL4_42.json	3552	3490877048e37aed1bb372bb515d2265b113e91a7da07c07ab735f23f6129112
results	data/pair_axis/corners_pairL4_43.json	3313	b6aaef03f0da4f1711d73a5abd27aead4a74fe1f467332fbe9a8619e82d6f123
results	data/pair_axis/corners_pairL4_44.json	4027	ac7c50155f8b0859b013d05299cfd3ac3846f9ef6bb8c9be700376eec6fc8237
results	data/pair_axis/corners_pairL4_45.json	3249	3c95a44bf405d1aad4c08e720b24fba928777f7ffe3d1b0747ed51a7671e82db
results	data/pair_axis/corners_pairL4_46.json	3172	1e1cc8aa57da68faaa0608291fa89d392bbc8de1efb79b99682d5cc6ff70cdf1
results	data/pair_axis/corners_pairL4_47.json	2697	688b7f61e65f142881e0ac496949f0492fa1db31f92eaa99dc546e9e1b8c3060
results	data/pair_axis/corners_pairL4_48.json	2610	af4cfa5bb3ee7fc06405a2a018536f52b5004be729ddd7bdcef7a67e1a517863
results	data/pair_axis/corners_pairL4_49.json	2376	3b096cf65b659cef44adfd9b66baf4d85fbe7b6809fe3e0ed3c7a42249bf72c3
results	data/pair_axis/corners_pairL5_00.json	2108	f41a7986a7a9a373f06cc452636fd2d9b4eb99d7867a73dd7389a108cb957f99
results	data/pair_axis/corners_pairL5_01.json	2192	02cf7b4e3961a4b88da71d3c534411954a3344e35a331b8194629f2466146f73
results	data/pair_axis/corners_pairL5_02.json	2284	504adafea02cc3f5004a3a3b7ff02b287fa29737ade22d06c82b2793cff40a58
results	data/pair_axis/corners_pairL5_03.json	2329	0f8caac7ee2a58bc2aa416033830d1dc9006bb7b3e0ea2d0bb52f556f3e44573
results	data/pair_axis/corners_pairL5_04.json	2592	962ce2d759c8f7bfc301baf197ad39efc2e190b92329b69acac665d951ab6040
results	data/pair_axis/corners_pairL5_05.json	3429	42454cc17d51b63910f6bf943ec83037e34ed4284bbc396e4dc66dfca7bf2c1f
results	data/pair_axis/corners_pairL5_06.json	2917	df910a1183f847b21a9e006f7c305b8f3d1e15a8658379faaea4891a7315356b
results	data/pair_axis/corners_pairL5_07.json	3336	8f828fded5045c6fcdc0a9f42b661591985c97e3285d72687ca391dee355bf6b
results	data/pair_axis/corners_pairL5_08.json	2518	27684f993e09a4cb2393dbae6c6cc30e6ff96050e7689d273256004c26f9be78
results	data/pair_axis/corners_pairL5_09.json	2408	2c5959139a5da75c809edec85e2c0e393dc2dfb6f98769e363ce3baa2eed2015
results	data/pair_axis/corners_pairL5_10.json	1974	00ef4a331c94ff6bf9b94641d61d2568c110e0bcc7483daf2b812a2d0aa9c12b
results	data/pair_axis/corners_pairL5_11.json	4532	bab671d504608c9049c4b04e3e4c91fd1e48fa9bb5a31d428620a90f9ada7d3f
results	data/pair_axis/corners_pairL5_12.json	2764	77344a0526e58f1279a2572af9f45222a436da606e4ce4f83e93bc6a3a295582
results	data/pair_axis/corners_pairL5_13.json	2923	4a02eb9c5c8a58ca22539c17e016bbd5298cd11c6bc66be874c426562d59739f
results	data/pair_axis/corners_pairL5_14.json	2246	cb644df1e351901cf8477e7d4cbafe9e7fd3e052f0637879a1914ce731822948
results	data/pair_axis/corners_pairL5_15.json	2512	df945ede2275acc9443da613e81421a6604a6ccc09b4afb22b9aeff5d9ebedb9
results	data/pair_axis/corners_pairL5_16.json	2146	c70ab78056a3c1764afc989f97c61326715d3138eab1c079d784635c8749359f
results	data/pair_axis/corners_pairL5_17.json	3386	4ea596741934f3b0a4333688517ed78525d8ec5013ed028cc662abecc84263ae
results	data/pair_axis/corners_pairL5_18.json	2758	8c50099b1f03aa910d0ef4dee1c5012e2d56c14df20b4db0e30cebad35715955
results	data/pair_axis/corners_pairL5_19.json	2458	61ff7864b925549ff746311c41ef02af915f16de2555c03c9a9f420bfd6d8501
results	data/pair_axis/corners_pairL5_20.json	2427	52831f1f0d9de570d01766362e7636e33c0655d7fea212cde86f7823414ad27b
results	data/pair_axis/corners_pairL5_21.json	2630	6cf080b195634121da53c83e70c98c2c878cc5310e8abe5700323c2cf4d876e0
results	data/pair_axis/corners_pairL5_22.json	3402	e665ab58ad64acde79a6d32d09041708f5e431ca041d2c3fa64551fb67efc92d
results	data/pair_axis/corners_pairL5_23.json	2060	8e62e1465aec2b5df0b65658d9f30ebf4f1d2494ee46912216000b076d6e567a
results	data/pair_axis/corners_pairL5_24.json	2612	ddd84c44eefad107eee2e0f3c7bcda60ba4c3113642a67ba1973a41436d5a788
results	data/pair_axis/corners_pairL5_25.json	3114	ebe14df9c138bb341a44b15cfab4f96dc1e971f6b0ee70bcb196ec9d4971bebb
results	data/pair_axis/corners_pairL5_26.json	2453	4b4323fdb50912958b97e5954d47b27b9c0d9211c5a3f4f607155ba1738dd4c2
results	data/pair_axis/corners_pairL5_27.json	2059	b71ceb33958f80b48f8afee132461ef7b5b101f794e7ce094c50f9442b753b65
results	data/pair_axis/corners_pairL5_28.json	2051	5f64adb3ff2bb69dccc90e5750b8af8ba1e3faafde03f1788a20362f6ae669ca
results	data/pair_axis/corners_pairL5_29.json	3001	5b4a8b9a6ca621f33f0dafebfefb381565bc6f27fe9c9d0dc9528d1190861497
results	data/pair_axis/corners_pairL5_30.json	3116	858a8e1bde7ede86f7c562ea2e36a6c1e463b4c8a1a64dd998f00475e1f3752c
results	data/pair_axis/corners_pairL5_31.json	2125	e09afd0295974e6e82ad1115bfd789f1df85234e13cd1d4d40815f490db92bcb
results	data/pair_axis/corners_pairL5_32.json	2681	4717a14705cd075e137abe20695c33725348da4d1d85e30681dc60987dc2f8bb
results	data/pair_axis/corners_pairL5_33.json	2153	096bce427136a8d42a5f23edccdf71bc80bb3fdba836cd20de4f4d3975a6726f
results	data/pair_axis/corners_pairL5_34.json	2631	28f306d7ed56a1216b61001e689c93b2b38cb03697d7cb45263922e154569a9b
results	data/pair_axis/corners_pairL5_35.json	3035	de2a7f1587712e3961d89ad0b1e94db25b77c2c38f05db56db87a38ced7ccac1
results	data/pair_axis/corners_pairL5_36.json	2342	b59b0a74988bcaac17cbe8f4f1a7d097c6e5ea75c1b826f2285985705fe60f4a
results	data/pair_axis/corners_pairL5_37.json	2389	3441d5d3750491fa460dcf2470af76c277962418a58ab7db08636232981cfb7d
results	data/pair_axis/corners_pairL5_38.json	2183	f45db6700689fd36855569bcd622342e1a4a9bd06b3bf6ba519f79422cc221af
results	data/pair_axis/corners_pairL5_39.json	2933	a52bd8ba549ef13b028a477411aa331c4a6fb140de0d38fcb41c9fb76e17047f
results	data/pair_axis/corners_pairL5_40.json	3232	8d42361c4c84718753a231b85ab4371fe56c4b2fefa2edd7931a87c2a4e8354f
results	data/pair_axis/corners_pairL5_41.json	2208	74a34017cc7b3a7fe2650710a14429abc43a17d099f917ca3ed85db52499d511
results	data/pair_axis/corners_pairL5_42.json	3443	e0fd32894f4921722cf1b58045941e997b77a19e60299b576b3105aa26f79a9a
results	data/pair_axis/corners_pairL5_43.json	2344	e443a5aea888c5558cd86c2e10008401481b5f3cfe1f35e43ffe4ccb67cb996d
results	data/pair_axis/corners_pairL5_44.json	3111	6693a8acf02f8b3fae02d185d48fd1029ef787cd4b9f3c6f764299de2d38d94d
results	data/pair_axis/corners_pairL5_45.json	2322	6150da2a742bfa5552a39f94a19404e5925d31d18b29ba3bba8c0265b0020b79
results	data/pair_axis/corners_pairL5_46.json	2539	cd3f47f7f7ac19363b829fa317539d8d462fae80c1e670fd49d1e727d367a119
results	data/pair_axis/corners_pairL5_47.json	4084	128806e3bee4664f1a284122490ae235e3f08215398ee117bafdb7fd79289f16
results	data/pair_axis/corners_pairL5_48.json	2319	5537bb55a9ceb3d3ff4cac336493a4b198f28348d9302a186e48d3bff072de9d
results	data/pair_axis/corners_pairL5_49.json	2934	3f164184e71db0e055ddfbd5166078169b8190dd759cd3f2d45395da0aaa4c83
results	data/pair_axis/pair_manifest.json	74405	b3256fe556e6b9f4932b3ef333e7686043e36468e9d0f892ea9139837506c020
results	data/pair_axis/results/absfollow_pairCSML_00_pairaxis.json	37012	f89d23edb213fa1fae208af8e3de2749dbcf1e3e4ea09d570c59619cdfea504b
results	data/pair_axis/results/absfollow_pairCSML_00_pairaxis_icae.json	10913	471c1c97bde850d9facdf7159e7b996b44ef4f09408176779048d8eb65dd95f1
results	data/pair_axis/results/absfollow_pairL1_00_pairaxis.json	36085	3050ab0f0a026ca0363624b6555e60ea11e81854a4391c191b1888f097f09316
results	data/pair_axis/results/absfollow_pairL1_00_pairaxis_icae.json	9978	fb388710d7f20e3eb3316e33e35be32b4a9eebb8f2103e8f092a9effb6784241
results	data/pair_axis/results/absfollow_pairL1_00_pairaxis_p1.json	34254	aa3620cc0dc02af79547fef236f49ca810704af68c30811eb358f2b1ac8fecea
results	data/pair_axis/results/absfollow_pairL1_00_pairaxis_p1_icae.json	8248	003991e694f59c28e8432b7fee474f39e11933b48c3c50fdd8da95a1776898e7
results	data/pair_axis/results/absfollow_pairL1_00_pairaxis_p2.json	33501	536965df61ef1bfdf10c3512da81138c5d6f9add161c7eada375379f2ee3c682
results	data/pair_axis/results/absfollow_pairL1_00_pairaxis_p2_icae.json	7872	bb687fb06183fdd6b374c3be52d4398500d6533461796ec95a1dc9b937311207
results	data/pair_axis/results/absfollow_pairL1_00_pairaxis_p3.json	34208	af9196b0c447c66eb53c91cbe75f0d3be69836bfb2e5111d5074391f9c80c096
results	data/pair_axis/results/absfollow_pairL1_00_pairaxis_p3_icae.json	7984	3bc5973207eb784e0457608bfe9172c1f949fcdbe333eb9096debc9b1372613d
results	data/pair_axis/results/absfollow_pairL1_01_pairaxis.json	36697	1590df91a6d9f27092ae837b3a3821cde786336c4ce08134175a4d40686a92e0
results	data/pair_axis/results/absfollow_pairL1_01_pairaxis_icae.json	12164	2641779769d0059a094df0de36e84550ce76f3fe724f83d62b2eb4033b298c10
results	data/pair_axis/results/absfollow_pairL1_01_pairaxis_p1.json	34828	fac9a9da42360cc8fe531b082bc7a68e345e89a7ec1e09cc35f31fdf573a96f3
results	data/pair_axis/results/absfollow_pairL1_01_pairaxis_p1_icae.json	9285	97b26bbaf966e1bb547ca018407cfc7a2cac78f8af8464be085a7651ae368c48
results	data/pair_axis/results/absfollow_pairL1_01_pairaxis_p2.json	34243	d70ab89357e2d20a7483fa202b6c83d7bb4e9549158123b1b71fb9fff938c6a3
results	data/pair_axis/results/absfollow_pairL1_01_pairaxis_p2_icae.json	9149	04f93e1b54d56e2fa85ac268dd17e6ae3c65df01a0523bace7dad8bc91bc2194
results	data/pair_axis/results/absfollow_pairL1_01_pairaxis_p3.json	35130	45700ebea3a7d523f25983aedd24cfa55601a889ca64e4f2e8d2cda401162a8d
results	data/pair_axis/results/absfollow_pairL1_01_pairaxis_p3_icae.json	9214	ecddf3eac30c2605cec1fb2c072ad388abff12058b29fccc60d9836220e50368
results	data/pair_axis/results/absfollow_pairL1_02_pairaxis.json	37610	233c56f9979297b4e910f89650e0f884f866b1f99bab36ac168a33c78a6f9e27
results	data/pair_axis/results/absfollow_pairL1_02_pairaxis_icae.json	11100	b627b81c72bed08fd36b3a6175d3a4c13205b35d85bc27b26a249376b7bda687
results	data/pair_axis/results/absfollow_pairL1_02_pairaxis_p1.json	36768	9291f804ab9951b6e5a59ff357dd311f12b747856d685449b9dccfd32d67cdfc
results	data/pair_axis/results/absfollow_pairL1_02_pairaxis_p1_icae.json	10318	0eea15f2f9b0c32c3e159b1fc2f73395572a9667403da721a35577b6674a08b8
results	data/pair_axis/results/absfollow_pairL1_02_pairaxis_p2.json	35903	a362a5a42ee7bc149d4133b56634783abf7fb6ccdb7a26d61888e3fe6a3fed0a
results	data/pair_axis/results/absfollow_pairL1_02_pairaxis_p2_icae.json	8538	918459ef85e82153491c3ddad0c42e89faf0d33fcfc889e7b0f71aa51084d56c
results	data/pair_axis/results/absfollow_pairL1_02_pairaxis_p3.json	37176	7e4f9907bf3287dda4fe058e06368c079888b7b1e3cb7e1c7e1231ea89e71a5f
results	data/pair_axis/results/absfollow_pairL1_02_pairaxis_p3_icae.json	9247	5d175050c2299ac3a097605a62551eb666d6f046854395246b2695ef1dc34726
results	data/pair_axis/results/absfollow_pairL1_03_pairaxis.json	39750	e349ba6ff8cc079e8efbfefbab24dab9ee92787101440db7eedb7cf93d55eb2c
results	data/pair_axis/results/absfollow_pairL1_03_pairaxis_icae.json	11199	e2969ea95fa8738c21cee0dedb2807e425f94570126e7e362388e753d2c2694d
results	data/pair_axis/results/absfollow_pairL1_03_pairaxis_p1.json	37659	f78649d8b078c38b737e8003cc4ce6c19725a8f072c79c90750c7b8a7ffc2551
results	data/pair_axis/results/absfollow_pairL1_03_pairaxis_p1_icae.json	9916	ad1ac4e95b122682f097890df7260fb0c27bdf616f8ab17a474eef6eeedb9377
results	data/pair_axis/results/absfollow_pairL1_03_pairaxis_p2.json	36823	2c8ab12bd390b5186bcfe0f0cf251cc902e8fbf039d1a01d66d05e45d1c58f97
results	data/pair_axis/results/absfollow_pairL1_03_pairaxis_p2_icae.json	8998	86defc19bf8b39c74b525b8851159d00161c1e55ada0aef9cc01c247388db612
results	data/pair_axis/results/absfollow_pairL1_03_pairaxis_p3.json	37353	21c666a8408301fd8b44cbb56ac54501f427289847bad5512847eda3c850fd74
results	data/pair_axis/results/absfollow_pairL1_03_pairaxis_p3_icae.json	9601	c0bb5abb51d5f549e2043d462ab91b91b2b9467232721876481dfaebc4da3758
results	data/pair_axis/results/absfollow_pairL1_04_pairaxis.json	35194	187eb44eff6f6afeda1cd4b4ec426cf3bea3b0a8fd26ce92b8f0111668bbfafe
results	data/pair_axis/results/absfollow_pairL1_04_pairaxis_icae.json	11426	5682c7f0e54a0398b21a56d1be0a8d0ef62d322c3b537c3e41d877c96037b3cb
results	data/pair_axis/results/absfollow_pairL1_04_pairaxis_p1.json	33793	75c182ab91f331db453cd95484331c8a0f4ccb698eab2b0d5a82f20bc4500532
results	data/pair_axis/results/absfollow_pairL1_04_pairaxis_p1_icae.json	9784	b8c139416e1509cc3c043efe9b9841d57d4c645e23acea43cf553141bd4e0ba6
results	data/pair_axis/results/absfollow_pairL1_04_pairaxis_p2.json	33481	555eeca0cd900692e2900723d9c73375c9c8c868d83d64da6bf03bbb81c64af8
results	data/pair_axis/results/absfollow_pairL1_04_pairaxis_p2_icae.json	8644	62bb3f826b46aa26340ea764c7ca174722e17eede5f2963a84aeaa0267e22c88
results	data/pair_axis/results/absfollow_pairL1_04_pairaxis_p3.json	33463	cacb2dcb9fbc88dba6e1cbebb2b3507c60d2a67d5526c658f55b8e00e37d7082
results	data/pair_axis/results/absfollow_pairL1_04_pairaxis_p3_icae.json	8768	20617820c1171a4b3096e0df580e5a00d493d9cadb34941e5892fde5e2fbca25
results	data/pair_axis/results/absfollow_pairL1_05_pairaxis.json	36301	f9fcc56e98687ea701222edeca25d7a068ec6c53d63707b3f0ffd3eeb3ce5712
results	data/pair_axis/results/absfollow_pairL1_05_pairaxis_icae.json	10576	85ce76d3c32ecb9c5b36bfed86da9a60e3944f6f4d9b888c8316fd246a027a4b
results	data/pair_axis/results/absfollow_pairL1_05_pairaxis_p1.json	34255	0d9e1448b8e457368564e7ccc9335317ab718b83398d510f426ee37cb1c60512
results	data/pair_axis/results/absfollow_pairL1_05_pairaxis_p1_icae.json	9475	bc4bb4018d89fe0f0f82483c1fb91018d85dfb5edcee138ddb477afc798a51ec
results	data/pair_axis/results/absfollow_pairL1_05_pairaxis_p2.json	34231	6bde5313cf05f9b4a95733c9d0635ccfac8d19b2c6b780ba795717a54981fb4a
results	data/pair_axis/results/absfollow_pairL1_05_pairaxis_p2_icae.json	8050	5cb4618ff82d8e718f53f17c6b2322c03e600289ba0da7351ab91948237cf895
results	data/pair_axis/results/absfollow_pairL1_05_pairaxis_p3.json	34644	b6070d0bab247630e96e3ad1d55fb5d66ddcacc24685e38b24d88b63a03ec978
results	data/pair_axis/results/absfollow_pairL1_05_pairaxis_p3_icae.json	8966	7f97a4a29bbb11145d401ae939f511fae26d919ced50130fcbca066b803d6bd1
results	data/pair_axis/results/absfollow_pairL1_06_pairaxis.json	36161	d128503c8791ece79c1a62ecae6d26509d417eeaae8674229a48eae77106a13d
results	data/pair_axis/results/absfollow_pairL1_06_pairaxis_icae.json	10648	159677b1e2556af1f81de35ddff8709b61c95a51a1e8f09c1b0d0d7a0b88dd22
results	data/pair_axis/results/absfollow_pairL1_06_pairaxis_p1.json	33916	5012783ca7e954afbcaf091cccd19d65291697cb1d2972c80c3b46a7d859cd0e
results	data/pair_axis/results/absfollow_pairL1_06_pairaxis_p1_icae.json	9039	99add4d73fc67e421288ff01ba4f9d93350dffd92cebb9cb620c8c231098b2d7
results	data/pair_axis/results/absfollow_pairL1_06_pairaxis_p2.json	33137	997dd48ce568d9948e3a0ee0670ac52404203fa2e848364dcc72ef8a1bfa6644
results	data/pair_axis/results/absfollow_pairL1_06_pairaxis_p2_icae.json	9006	4240add3971f404cf1bffcd6831760b5f4d8230c8c0c6f830d784bd9780c6162
results	data/pair_axis/results/absfollow_pairL1_06_pairaxis_p3.json	33306	14acea1a336070e7d7558f9827e86224ff33d3aa8efa440fdd9566e5cabd0524
results	data/pair_axis/results/absfollow_pairL1_06_pairaxis_p3_icae.json	9305	19ed4210b881ece0d07eb656031e6a449f2bc59f0467c28641d55304b5035258
results	data/pair_axis/results/absfollow_pairL1_07_pairaxis.json	37610	b8ee612d6700c6afc89ed8ffecfefdfdd00c98cb8bde3ee3a052d85fc5cf8017
results	data/pair_axis/results/absfollow_pairL1_07_pairaxis_icae.json	10665	054c835162d3ce0e64df8ec0a67de0348121fce2f5ad3df5d56cc3694b8d60ff
results	data/pair_axis/results/absfollow_pairL1_07_pairaxis_p1.json	35276	43b25ecc462b80abe88f986c944b4e7e0c7cca4b221194904d1968c2831239be
results	data/pair_axis/results/absfollow_pairL1_07_pairaxis_p1_icae.json	9368	571a3bce58aa62aa005ec70d396f4af25de47f502872f40b2f8ce8e4a14939e3
results	data/pair_axis/results/absfollow_pairL1_07_pairaxis_p2.json	34289	ac296d1a87612c9b5631369a3281d0269450d83dce38f47bf0197c18cd53c406
results	data/pair_axis/results/absfollow_pairL1_07_pairaxis_p2_icae.json	8645	fc2205dc323aaa9e43c1686bad8863ee3bb54c0d937122f39077d8c8b35d858e
results	data/pair_axis/results/absfollow_pairL1_07_pairaxis_p3.json	36242	faf002cf1627c1c55d17f57d28dc2fff884501169f0d55fde052ba30bb094ca2
results	data/pair_axis/results/absfollow_pairL1_07_pairaxis_p3_icae.json	8932	a5b9c0f5644723e3e771bfb7c426947ebd42789e843b4070832544dc3bfabc83
results	data/pair_axis/results/absfollow_pairL1_08_pairaxis.json	37128	b9860f2ceaddb49551241e80cee5e23e143c9663c56c06de6496127429859d45
results	data/pair_axis/results/absfollow_pairL1_08_pairaxis_icae.json	11946	da56edc616c830d40cd1dd7da2c222782030db7f2258083017d74f553334e22c
results	data/pair_axis/results/absfollow_pairL1_08_pairaxis_p1.json	35340	ac2a866b763c2c18a3ba0b0a0a06c095838002ed0d52e163b3a3c38dab832222
results	data/pair_axis/results/absfollow_pairL1_08_pairaxis_p1_icae.json	9887	fc355d5088c7106a9091026efc31ad047c277fc4a8a49af50b1c4a567b0a1589
results	data/pair_axis/results/absfollow_pairL1_08_pairaxis_p2.json	34314	921513b2b25634fafe8aff7b174cefa71ae49558357a0c078bebf1d8f4fdcfff
results	data/pair_axis/results/absfollow_pairL1_08_pairaxis_p2_icae.json	7936	c44316048af292ee6cbd672fe1165d29c139617e05f67eace553ce69e8ba7c97
results	data/pair_axis/results/absfollow_pairL1_08_pairaxis_p3.json	35373	1a3f0138e87da929af3e721d5de474055eb94826a78aa6a1e7313e0f19383814
results	data/pair_axis/results/absfollow_pairL1_08_pairaxis_p3_icae.json	8869	a2b46e625cd2d3612278a2fd01edbec8bb72d70e6d5c2350c828f4761e00e916
results	data/pair_axis/results/absfollow_pairL1_09_pairaxis.json	35770	651c5a08845be5bca5a86eba355c4416c9b07eb3b0e14be91034a1f300af7285
results	data/pair_axis/results/absfollow_pairL1_09_pairaxis_icae.json	10927	021b4fa5730ed7d53050abf805f25b09e555fe1373a53400af8ae541e53c5446
results	data/pair_axis/results/absfollow_pairL1_09_pairaxis_p1.json	33759	0b9270fed3a46ecf5cfcd430bf53e48d891aed8818256786c7542d72c781f441
results	data/pair_axis/results/absfollow_pairL1_09_pairaxis_p1_icae.json	9665	1d18d8a1867074430a9750b3e8b2fd54cc4262194127b27e80d63d132dcdc996
results	data/pair_axis/results/absfollow_pairL1_09_pairaxis_p2.json	33298	24211c1d6c73431002ccfa058d321d94025ddd9410cdd793edc6b12db3fc31c1
results	data/pair_axis/results/absfollow_pairL1_09_pairaxis_p2_icae.json	8602	545fdfa44ca6aed555f646b9161b31600e2466a875a11202aa166bb81e681296
results	data/pair_axis/results/absfollow_pairL1_09_pairaxis_p3.json	34983	bce4bf3c55aee4414faecfc8168e49979ebcad62cec9b4165b8c5c045ad424da
results	data/pair_axis/results/absfollow_pairL1_09_pairaxis_p3_icae.json	8845	3a17b864a20b940bded02b014d2558ffe03831b4e4cbcae551ca06bb5a11acc9
results	data/pair_axis/results/absfollow_pairL1_10_pairaxis.json	37614	2dd58be9d157cf6d8e60f0b9dde097196fe5eb3ef1bd74fc10544591f34182a8
results	data/pair_axis/results/absfollow_pairL1_10_pairaxis_icae.json	10577	0918942314f3147a4be96ded6780b970acbb6710c19ff547b0cfb73468edadb8
results	data/pair_axis/results/absfollow_pairL1_10_pairaxis_p1.json	34567	bbc16c33d45d6cbfa15ced3b4b5a99a755a82e45cd1c71b4ae0014f60bf0c442
results	data/pair_axis/results/absfollow_pairL1_10_pairaxis_p1_icae.json	9312	f1dfd6ce6746e2fe4e252da466b295a6aabc3022d5a892fd9b00488879f676eb
results	data/pair_axis/results/absfollow_pairL1_10_pairaxis_p2.json	34360	2865145e8985ca2d93cb1488eb95b7e12c8d73485e4f20ed34880557feb049cb
results	data/pair_axis/results/absfollow_pairL1_10_pairaxis_p2_icae.json	8267	b49ac665904e94f8f6de6729941cd75a4b11490a43a539cdab94174d55ec976a
results	data/pair_axis/results/absfollow_pairL1_10_pairaxis_p3.json	35702	0c2b270f7b436bf73922330af58b977955ab5caae0271a9d37f88eb3e7d8004a
results	data/pair_axis/results/absfollow_pairL1_10_pairaxis_p3_icae.json	8753	313e5030a76f8b369e5955bf1a996ea9d54714a1f32d57f29c7161eb0ba889e3
results	data/pair_axis/results/absfollow_pairL1_11_pairaxis.json	37023	32d1a9b34cc462db839c093e555830b2947b22feaccc60b7f385a3449ae75cdb
results	data/pair_axis/results/absfollow_pairL1_11_pairaxis_icae.json	11451	44e304f88234cae8d8cfa6170e47b49891fb26ccfb94877d6a5f4701f30c15bb
results	data/pair_axis/results/absfollow_pairL1_11_pairaxis_p1.json	35697	6006c845ef624f617a5973a11c5258ee478ac18ce7c93307a4aa8d170fe838bd
results	data/pair_axis/results/absfollow_pairL1_11_pairaxis_p1_icae.json	10203	1c25b5c382f708f77e6c963c03ee689758f4b5ad5b13c93bc3ce2b472bd4c4cf
results	data/pair_axis/results/absfollow_pairL1_11_pairaxis_p2.json	34131	368f068bb40663c97932c9df6422206355450675a61119271445cd7392085cf0
results	data/pair_axis/results/absfollow_pairL1_11_pairaxis_p2_icae.json	8694	25d7613dd7418b244281b88059d4af1abf4bda153bf2d0e763c2f8b7ee410c6a
results	data/pair_axis/results/absfollow_pairL1_11_pairaxis_p3.json	36042	413e5d83018ba780a1f6462d68e6530fbd7c2330f6c5f637ad5333752edad7ed
results	data/pair_axis/results/absfollow_pairL1_11_pairaxis_p3_icae.json	9217	ae329c9ed098d0d284ef6f5fcb50027988668079d91181f645f2bde9c4513d3d
results	data/pair_axis/results/absfollow_pairL1_12_pairaxis.json	35742	495bcdb023b2813216d79b80c3007d7aee13a3a667c3b3d48bff847099e73f15
results	data/pair_axis/results/absfollow_pairL1_12_pairaxis_icae.json	12119	32511d3e3bba5044f1d9807a0b3114655af4a700c0c1f1e20222f48257d62b6f
results	data/pair_axis/results/absfollow_pairL1_12_pairaxis_p1.json	34345	e6e9806ae6e4cf20207fc4f7371319cd9939b269f263456adf28a6cade847f56
results	data/pair_axis/results/absfollow_pairL1_12_pairaxis_p1_icae.json	10790	c015d0972f0875b651bc2e910870f9220841719c13d023e2ee98ca95527d446c
results	data/pair_axis/results/absfollow_pairL1_12_pairaxis_p2.json	32910	81956adf7d16ea33d97e096b0553e9286d7043a16d1fdc94db9c6f244109e44e
results	data/pair_axis/results/absfollow_pairL1_12_pairaxis_p2_icae.json	9360	45b3f894b5f404c9df01ef91f744af5235cf5cf94ed48fd2fd8d1578a96a07f5
results	data/pair_axis/results/absfollow_pairL1_12_pairaxis_p3.json	33787	5a2f1b51079899b5fe98b75faa79671868da020c1d0d201e0b5b2616ed9b21f5
results	data/pair_axis/results/absfollow_pairL1_12_pairaxis_p3_icae.json	9611	9169d985deabe08a5040ccb4698811de91f50372e717a729d43d3b9d3056cbe0
results	data/pair_axis/results/absfollow_pairL1_13_pairaxis.json	35203	8c090f14ed4717fb4afe4b7cf3bdfb36cdf421627f084e7bc6177c1dd511fe22
results	data/pair_axis/results/absfollow_pairL1_13_pairaxis_icae.json	11420	80d9a326eeaffe1285df9fb6c09dd422c5a6f3d4bce7da57a9920da2432b1362
results	data/pair_axis/results/absfollow_pairL1_13_pairaxis_p1.json	33284	a7ebf44f50d1232e046c15f79b1a8d0ff15ebc14dab0f18342d0579450a1b4cc
results	data/pair_axis/results/absfollow_pairL1_13_pairaxis_p1_icae.json	10468	998b6ee8b549d2fb810f68995ef3b93a64eb194428c60b1db8f2aafb4c5d6d65
results	data/pair_axis/results/absfollow_pairL1_13_pairaxis_p2.json	32968	cd08365b339b828999d90deed7dc81002dc18f284f3f3e0430fb89369959895f
results	data/pair_axis/results/absfollow_pairL1_13_pairaxis_p2_icae.json	9200	33236fb38d498be6337ce5046daa76a219f1ef18f22049a46e4d5b62d71e83b2
results	data/pair_axis/results/absfollow_pairL1_13_pairaxis_p3.json	33948	8a14f26c57144e52241e6d2b78f7dc82734742e53ef26b4e42b8a51de378f4aa
results	data/pair_axis/results/absfollow_pairL1_13_pairaxis_p3_icae.json	9554	b756cdf99becf362e0715048b9cd89599f35c6e4c2c2ec203e736ea51a3e030b
results	data/pair_axis/results/absfollow_pairL1_14_pairaxis.json	35288	5cdff4e6260cad3fbad5e50961bad5e2ade526dde64b08b6c5657c1bbe4fa92b
results	data/pair_axis/results/absfollow_pairL1_14_pairaxis_icae.json	9763	55ab9f1fe76b52829f481ccbdfbb4de67c04037e9ac3a336e02f9ea347762d57
results	data/pair_axis/results/absfollow_pairL1_14_pairaxis_p1.json	32867	d58fce816c2dc0662322a11873e57e4eb896e62c67e7c1367dac8ee8ce5db27a
results	data/pair_axis/results/absfollow_pairL1_14_pairaxis_p1_icae.json	8885	f8f87050b268cd06ebe45b6400ab4d80365562c97e24a0f7ba8aca0144b9ae37
results	data/pair_axis/results/absfollow_pairL1_14_pairaxis_p2.json	32583	2a73c1f6607d952ec6c7c65cab9d681ef4d37586bb8c5154729fc9f2c7431b9f
results	data/pair_axis/results/absfollow_pairL1_14_pairaxis_p2_icae.json	7937	e01f038b09747eb28c647f7336fd9fc9a7623f05f4198d70ea08432ad437657e
results	data/pair_axis/results/absfollow_pairL1_14_pairaxis_p3.json	33729	c93f0156a3dabe928f15498174488aa8222ca27b6031637db2696395ea4cdaf2
results	data/pair_axis/results/absfollow_pairL1_14_pairaxis_p3_icae.json	8601	1d77677e6ef897a4284090fcba2db9012c1dfd823e63eae0ff3abe9792c1ab92
results	data/pair_axis/results/absfollow_pairL1_15_pairaxis.json	35557	462f5873eac14ade74b6a575d67a78d04c33ef5b8e47de7440d5d6ad05883798
results	data/pair_axis/results/absfollow_pairL1_15_pairaxis_icae.json	10806	1b28b4d58fba95eb3130abb3e0e50e094d6a1cf2a1b591f0fba2caa363570f76
results	data/pair_axis/results/absfollow_pairL1_15_pairaxis_p1.json	34253	a9f272091331b577ff43fce2f4462813ae5ec33fba0cad6c3984fead7591eca0
results	data/pair_axis/results/absfollow_pairL1_15_pairaxis_p1_icae.json	9453	f2f2b624c2bc77164220246676148985481e6f9f99242197d49ddd892da4923b
results	data/pair_axis/results/absfollow_pairL1_15_pairaxis_p2.json	31619	fb5186a34a71eaf3f67f37dc4c25e3b2f34a4b66898e948636b890769f7bcb9f
results	data/pair_axis/results/absfollow_pairL1_15_pairaxis_p2_icae.json	8563	6955d293dcadbc952ee7ac94ddc414ea196ae1d7d3bfb53d637511fcca0ec74a
results	data/pair_axis/results/absfollow_pairL1_15_pairaxis_p3.json	33237	905bd00de97252a62248d82e8c1fb1c1207f4dee5d710aa3b9de17fd585bbd0e
results	data/pair_axis/results/absfollow_pairL1_15_pairaxis_p3_icae.json	9126	e6041d278d78e2730d31f5eefe696fceea029067f2a1d24d70f11303ee32c284
results	data/pair_axis/results/absfollow_pairL1_16_pairaxis.json	36928	cd2f62f06f4fc007c835a96f071529cc9c760b63951fba54b2cb8855577761d6
results	data/pair_axis/results/absfollow_pairL1_16_pairaxis_icae.json	10917	ddf919794b672e19e33b42ab02c6012de2e5768bab4c802e8d7fdc8b58f66f71
results	data/pair_axis/results/absfollow_pairL1_16_pairaxis_p1.json	35227	9eb4d8e5b28958809306ee54e82dc02fcec754491adc96b8322ed3e85302b7b4
results	data/pair_axis/results/absfollow_pairL1_16_pairaxis_p1_icae.json	9652	09348d6660a5b86f4a238ba6b2d7d9036ed0d17264c98db3ef536a111ffcf018
results	data/pair_axis/results/absfollow_pairL1_16_pairaxis_p2.json	33753	07e5f6d0dac30c1b3cc66111fbd0deb180d6f7ad5cd663c47d176ea92d74ab77
results	data/pair_axis/results/absfollow_pairL1_16_pairaxis_p2_icae.json	8197	797279bb157d265aba840961ce03a1f6a47922439bd325096628422f8b1e3c88
results	data/pair_axis/results/absfollow_pairL1_16_pairaxis_p3.json	35307	a04dc6ea431cc1b317adac953a7366a285e00608e3f657f5ad5e3d8d778d658e
results	data/pair_axis/results/absfollow_pairL1_16_pairaxis_p3_icae.json	8642	0f8cf09e879fc56187e57ad9acfa257c874ecb65fdb4909c776359ab7fe8b40a
results	data/pair_axis/results/absfollow_pairL1_17_pairaxis.json	36267	cf4f6e940a0398364d6c497a8b8cf0b208ec3f1fd59be9b0ac8da74d2d2ac799
results	data/pair_axis/results/absfollow_pairL1_17_pairaxis_icae.json	11465	05d98907c66d9c28d98ee2b3a06ef9273d73aadc0ad10a3d09a97ffd590f3a78
results	data/pair_axis/results/absfollow_pairL1_17_pairaxis_p1.json	34943	56a9a6b26f7bd3e1db97b25e605a797bfb71002ed0b11fce9c11188b26342440
results	data/pair_axis/results/absfollow_pairL1_17_pairaxis_p1_icae.json	10250	f1a77f44a580097c102aa03ba7137b696be5431a5024e388d21525396e8d4321
results	data/pair_axis/results/absfollow_pairL1_17_pairaxis_p2.json	33545	8395594c471259e9f10232fe54d735c2aa543e4f75596d95ac7831d2e84c7c57
results	data/pair_axis/results/absfollow_pairL1_17_pairaxis_p2_icae.json	9150	5d0d787eac002dd7e735d91de9aa93e673e51cac91cae95a8d375cf4adb30abb
results	data/pair_axis/results/absfollow_pairL1_17_pairaxis_p3.json	34985	76f3636a2ae04ae946ddad99b95da56d16352a43b99e5cd7f16f84aa0dc8e4a4
results	data/pair_axis/results/absfollow_pairL1_17_pairaxis_p3_icae.json	9542	844823c57b51f7d84a00474512f544f0cb42630b7f3d7d9715fd51a934bd71a6
results	data/pair_axis/results/absfollow_pairL1_18_pairaxis.json	35647	22f71c888eb3f67c687254c87b60e52d8cd63dd95118e20cecfef9d0cabf107d
results	data/pair_axis/results/absfollow_pairL1_18_pairaxis_icae.json	10933	dab4f2ac22ed300c3ff42815b740e08748955d48240ea188d72e03796dc769f0
results	data/pair_axis/results/absfollow_pairL1_18_pairaxis_p1.json	33918	68c1a99e181898f559c326f4f654e52b211bf65648999b642e5363c4983e1184
results	data/pair_axis/results/absfollow_pairL1_18_pairaxis_p1_icae.json	10110	58d3897d31c29ffacfede45f65a9f094a2b47ad9ac11297e4ed9f0007447a5f4
results	data/pair_axis/results/absfollow_pairL1_18_pairaxis_p2.json	33316	0e91732bef6c54075d333b6dc473c7f60e1642e82847bcbf323e534f65997a4e
results	data/pair_axis/results/absfollow_pairL1_18_pairaxis_p2_icae.json	8388	646f21ba11445644c15fe07a6d749486833ac80cee0cfb8ccd8c6c70e61bb6a2
results	data/pair_axis/results/absfollow_pairL1_18_pairaxis_p3.json	33610	369d66c60079c55de5952a9defd5a17cf6590fa52f092146688a55122fd39c66
results	data/pair_axis/results/absfollow_pairL1_18_pairaxis_p3_icae.json	8753	0b6116d808bfaf4a6a2e0894f387eb0610a6acfe05f8c94c2a60c37a85ba239e
results	data/pair_axis/results/absfollow_pairL1_19_pairaxis.json	35308	077c30b549ca77fb59bc4b3b8b9a8524b665ce15502175de251a04372da121c5
results	data/pair_axis/results/absfollow_pairL1_19_pairaxis_icae.json	10421	e829c170e9c0a2ab7bede036c4244df230c676657440589bd525ffc6576f6030
results	data/pair_axis/results/absfollow_pairL1_19_pairaxis_p1.json	33839	76d4d1b50078d2445122fee0c9148c10e8806bcd191515cad72e31b2889fd4ec
results	data/pair_axis/results/absfollow_pairL1_19_pairaxis_p1_icae.json	8935	9e0c3435bdc2b75ce949a2f2c0d320f6a25069c6680f92098cce3398d5cd6937
results	data/pair_axis/results/absfollow_pairL1_19_pairaxis_p2.json	32678	25303fc7e3fc86a07927698291caff8cfaf73873a34c02302d2ddec2d85a352f
results	data/pair_axis/results/absfollow_pairL1_19_pairaxis_p2_icae.json	8129	ea744a7f934d8f25f21505f32008e23ec01d9910991cb82381df6eb310c32404
results	data/pair_axis/results/absfollow_pairL1_19_pairaxis_p3.json	33337	88b2a7ee1423e3176f5e18923f71bec20bc4586a8ecb411867d3eb307affe786
results	data/pair_axis/results/absfollow_pairL1_19_pairaxis_p3_icae.json	8192	b2462b02d000b874c69a4de2f31a70176a0f34066d23fd36f56e2f4b9c9ae67b
results	data/pair_axis/results/absfollow_pairL1_20_pairaxis.json	35401	f618181ac0bd8dc222cab4e9e47a27d5133c1271cf2759d965bf28f3a8be3471
results	data/pair_axis/results/absfollow_pairL1_20_pairaxis_icae.json	11074	b2388c21cdf65656977d5cc5c94f9100d2a133f65245dbaba57130c708959ec1
results	data/pair_axis/results/absfollow_pairL1_21_pairaxis.json	38039	2453c3f1e8d163715c88069b802d0b8f602a33ddd2f6173e06b75d25dc49ab78
results	data/pair_axis/results/absfollow_pairL1_21_pairaxis_icae.json	10910	bc5e561253c8c17267dac19fe935880d3a33edab35b3aef50514e531b7bd3479
results	data/pair_axis/results/absfollow_pairL1_22_pairaxis.json	35544	b7fd3aa8f2f5f3c84dbbb9598ecd2c4ab1a2cbd18f8928a99ad7e72565fb9717
results	data/pair_axis/results/absfollow_pairL1_22_pairaxis_icae.json	10788	11929e3445c767b6dcbd1806543113f2829629cd4c8e32cda167aa72f9dbe173
results	data/pair_axis/results/absfollow_pairL1_23_pairaxis.json	35061	a91b96bfd4bbaea4368e8a07c41805f41776463c75f171e9fb6545beb3ea3ead
results	data/pair_axis/results/absfollow_pairL1_23_pairaxis_icae.json	10857	375446f06938a1059c6fb7de68ee71dc7fde059133060ebf42c71a093d8a1358
results	data/pair_axis/results/absfollow_pairL1_24_pairaxis.json	34388	9ab2c756735dbcdedd439a5f4ed0b5baf2f4023279b98d3251696f459b23a0df
results	data/pair_axis/results/absfollow_pairL1_24_pairaxis_icae.json	10312	e716c9c8e224ada1bc67d36ebbeb9a0c536efe2a27f45c95430c497cb567bc29
results	data/pair_axis/results/absfollow_pairL1_25_pairaxis.json	36982	d08df7462edd4f7cc23806bbb668b56ef368f3048a597eb19b7c600454e5d304
results	data/pair_axis/results/absfollow_pairL1_25_pairaxis_icae.json	10946	2fc148f2b7ca0607269432005fe85fff605d408a007844f3d0010267f41c6bf3
results	data/pair_axis/results/absfollow_pairL1_26_pairaxis.json	35242	76155c0e161cd7e07fda5817f5ceec500e465639da1ff25743bf7efc9de0ff9d
results	data/pair_axis/results/absfollow_pairL1_26_pairaxis_icae.json	9534	021bfde80c40f16027a7e51ddc71fd39b6b55786657c263d4859a5b4c207c257
results	data/pair_axis/results/absfollow_pairL1_27_pairaxis.json	37879	f2c56539e68863b8cd1c44b60eae5cc0f8b4fa76b0e335ce2aed7f093f2f18c6
results	data/pair_axis/results/absfollow_pairL1_27_pairaxis_icae.json	10664	8d270a2d684874f7f839b0c67da910ea99a8545e5c020e47fdac7ca7b8413591
results	data/pair_axis/results/absfollow_pairL1_28_pairaxis.json	33251	18b07624ef3aceebc07c50da929e6d3c08fe845e16252442f9a9ebd1f1df8ee8
results	data/pair_axis/results/absfollow_pairL1_28_pairaxis_icae.json	9529	3d9f6f11f01ad90d478f6f33c18d6ec5c23ae853eb16fc8839e177f5b32081bc
results	data/pair_axis/results/absfollow_pairL1_29_pairaxis.json	36613	b21f944632592548f9fbdda2dfe12c89f4218e0c329799bcb3dee8999fd94956
results	data/pair_axis/results/absfollow_pairL1_29_pairaxis_icae.json	10849	d037d1137df7192b452784b98265ef185ec0a560a9b6564deaf020a0ab3d6d3a
results	data/pair_axis/results/absfollow_pairL1_30_pairaxis.json	35156	490d5196991eb9ba96280226c41031870da7653800e9d2018452ec1807287d9c
results	data/pair_axis/results/absfollow_pairL1_30_pairaxis_icae.json	9900	36bdca5c1ca91f50f477a5320f03baa9736e4972e1144ec8966388f2f3af6c23
results	data/pair_axis/results/absfollow_pairL1_31_pairaxis.json	35177	adb9d2a1985157c692d2202a6e39d03cb579858eba2f5517d9ad22ad32c9a2f5
results	data/pair_axis/results/absfollow_pairL1_31_pairaxis_icae.json	11237	69e48e46f96a5702041c091edfa487a6ec90d0a435f745c46425a11747253fff
results	data/pair_axis/results/absfollow_pairL1_32_pairaxis.json	34849	2f5525b4c7be83e71d2cc117c335cbd161def276cbff8013b42ea684b78c3925
results	data/pair_axis/results/absfollow_pairL1_32_pairaxis_icae.json	12052	b1bd4bf6a2ef2e4595cba2c08823f3367e4709c63a53b011d6908da15e7caa88
results	data/pair_axis/results/absfollow_pairL1_33_pairaxis.json	34474	27cb5525e035f4d0cf2cc6b732bfd01ee298d12697950504d4cf1494da37d92a
results	data/pair_axis/results/absfollow_pairL1_33_pairaxis_icae.json	9197	f7c5f4f092ef0e8b99bab289ef4067d2be24c0338aef64165260929e0429fa06
results	data/pair_axis/results/absfollow_pairL1_34_pairaxis.json	34730	703f962fa896673978efade492e5ffb68bc254b22cdf94e7a269317dc757efa7
results	data/pair_axis/results/absfollow_pairL1_34_pairaxis_icae.json	9545	3d7ee5ec7a91236679555bee28445a355b43f29b426e701d561f9e7938d36621
results	data/pair_axis/results/absfollow_pairL1_35_pairaxis.json	37008	b8784cf80c4fa198eac296c1316990e71409a45ce2a77e8beeda9d852f8718a9
results	data/pair_axis/results/absfollow_pairL1_35_pairaxis_icae.json	9825	c48924a52e9038b797afdf65574cc262b2fdd2a6f2cf0203e9586d58d79b2cd6
results	data/pair_axis/results/absfollow_pairL1_36_pairaxis.json	36344	9a0dc09f8773a7cfd268b2e54df796d25bb248435912e29ae25f28b31bb0a2ac
results	data/pair_axis/results/absfollow_pairL1_36_pairaxis_icae.json	10172	7b7a6f81243a7a418979f5e645b456ca83047e0f5efbb242948d2f9e4e37a975
results	data/pair_axis/results/absfollow_pairL1_37_pairaxis.json	35721	dd8518b7e322d8a61e6b97aa0c91a325b8c3f4b4f6c75cafd55a25d8bed44d60
results	data/pair_axis/results/absfollow_pairL1_37_pairaxis_icae.json	9871	fdb84d3cdb83811440b9fc8da20ead525c6322507636e523728b785d7bc10bd8
results	data/pair_axis/results/absfollow_pairL1_38_pairaxis.json	35223	30d6106a8b7e32634a874cac4a29479812a11091fdb348033de34657a5cf545b
results	data/pair_axis/results/absfollow_pairL1_38_pairaxis_icae.json	10318	03208796016b29e676c84c42281cbef3f7965e279b8e6093ccac06cf3fbaf1e2
results	data/pair_axis/results/absfollow_pairL1_39_pairaxis.json	35913	7e96d99cb8d6867fe1f97fe44e2407f4eac7a5742bb39a973c3311f5251ef2bd
results	data/pair_axis/results/absfollow_pairL1_39_pairaxis_icae.json	9948	9cf31119461e1876033ff23e99ac37033bb07a42d611b33290ca945bf13e247e
results	data/pair_axis/results/absfollow_pairL1_40_pairaxis.json	36710	e4fc5b160da7a231dc6e2205768c8f26b3dc73b474f70b6bf5af25f18693f3e2
results	data/pair_axis/results/absfollow_pairL1_40_pairaxis_icae.json	10240	cbfffef988848e6c33823d427466c437729af1ac91d0f7602faff1836f2f3613
results	data/pair_axis/results/absfollow_pairL1_41_pairaxis.json	35952	7429a97ff24d5407df528c01b74a55d1fb96c464f8abcd0e55273adf2a654f83
results	data/pair_axis/results/absfollow_pairL1_41_pairaxis_icae.json	10440	e1831ffe92ea6c2a4152d93d3a6aa9591284ebf421081165f35ae1ff6f2fbe74
results	data/pair_axis/results/absfollow_pairL1_42_pairaxis.json	36079	671f3e74a5bf3ecaeed01b1d59d4cde42425fa0957e77fbf4389dff1bd612a4b
results	data/pair_axis/results/absfollow_pairL1_42_pairaxis_icae.json	10384	f2511e38fec7d72212a0d7ef00bb058d51b6706dbdace4c17560f15408525385
results	data/pair_axis/results/absfollow_pairL1_43_pairaxis.json	37940	ec92ca0076a98bda65856009db59969ddc6fbe471d96eb3e5be41164777ab162
results	data/pair_axis/results/absfollow_pairL1_43_pairaxis_icae.json	11495	e07674a30e702be84112765309d2b0f25271a0cc4601f019ead701f904a0cf1e
results	data/pair_axis/results/absfollow_pairL1_44_pairaxis.json	34943	6ee1e5bd419433e6a87114836cfedc14dbcb8cd398a3e3c2a76fc3665f6f2035
results	data/pair_axis/results/absfollow_pairL1_44_pairaxis_icae.json	9876	31b6c228466d563496d2c16ddfc2b4f64ff6c69c773daa87ae8412d2089dc83d
results	data/pair_axis/results/absfollow_pairL1_45_pairaxis.json	36507	aff35f07bd20a63b0221e157e0300123cbcd3bf7c0da033e0eeed2b6da4826de
results	data/pair_axis/results/absfollow_pairL1_45_pairaxis_icae.json	10870	ad420858d815a92b694a19e799607d2c3bf1d34b9d46f445360c5dd22c3d35f6
results	data/pair_axis/results/absfollow_pairL1_46_pairaxis.json	37947	995f7243ca70ac818076f68687f3bd88d95e7021e62fa3a1251982c73950c1de
results	data/pair_axis/results/absfollow_pairL1_46_pairaxis_icae.json	12358	eaec084d278b8656f014f26cd47c4ff77612a3eae41096f8fc41ea11ee1a5388
results	data/pair_axis/results/absfollow_pairL1_47_pairaxis.json	38721	060dbcc601c3ba8a82ef3dc244834b17578bb454d57c798ea20c183e4d757298
results	data/pair_axis/results/absfollow_pairL1_47_pairaxis_icae.json	10909	5c4fc9932c93a0c5c93ee8641da532dd21f61164cf790f76adf5d79c159143ad
results	data/pair_axis/results/absfollow_pairL1_48_pairaxis.json	35315	1a2b62fb11b441eb3ac658ea55dfaa000a32aba128621966f8d91444540f1cea
results	data/pair_axis/results/absfollow_pairL1_48_pairaxis_icae.json	10620	fa6d385bffd340e2d1a55bdd06a25ee05c3d18de2ecf590b88a739df883ca943
results	data/pair_axis/results/absfollow_pairL1_49_pairaxis.json	35685	ab1c20d7c3323b566b8d4326d4cba82536295d6736b0e5c7cd03d09cd95f6bd0
results	data/pair_axis/results/absfollow_pairL1_49_pairaxis_icae.json	11329	bb2c9a345d5882ad1b74f1673e45112019572630f1014ce895d7ec7f87ca8c7e
results	data/pair_axis/results/absfollow_pairL2_00_pairaxis.json	35020	e195ea13de88b1660c7e4e39b4c0e03c9c7ed78a9ecd1604edde721b0f9b1120
results	data/pair_axis/results/absfollow_pairL2_00_pairaxis_icae.json	9936	b06ae80102742a54b102d98bd1be8f7955742dec61ce929fe8095da9c6c94362
results	data/pair_axis/results/absfollow_pairL2_01_pairaxis.json	34168	cd7262fd0fe81a6dd2f99819d4fac66bf6035d7ce8f0819667eb437668f98101
results	data/pair_axis/results/absfollow_pairL2_01_pairaxis_icae.json	9916	dc56cca43ea9c689a1c05414be2e73876900a2a8ace252b2482ae8b090ec02bc
results	data/pair_axis/results/absfollow_pairL2_02_pairaxis.json	37263	bf2a5c0a340bf6290a38d7e428d3b81633723c127578955e60266cedd9d1fb04
results	data/pair_axis/results/absfollow_pairL2_02_pairaxis_icae.json	11094	8cdcb49f90107cfd292105ac286630088d140facc932f55ed6d83bf5c765ec75
results	data/pair_axis/results/absfollow_pairL2_03_pairaxis.json	35036	5aa767b25988e56bb3263d35996780d4c4a521c63f70cf568e1e3d47d22716db
results	data/pair_axis/results/absfollow_pairL2_03_pairaxis_icae.json	10487	88592451858e4b36c9cc0071a6a288f34f68ecc037646bf6a1a2da482eb574d0
results	data/pair_axis/results/absfollow_pairL2_04_pairaxis.json	36859	10502dc193860d49f4c885bb1bcc1b96e86efcccee967d4b042ee6201d979fe0
results	data/pair_axis/results/absfollow_pairL2_04_pairaxis_icae.json	10236	e5a42d01689e79c3cabf9c1cec851130e7686b31333fb1fe977ad13d0da429dd
results	data/pair_axis/results/absfollow_pairL2_05_pairaxis.json	37461	38da4de807b2d37a11b821f176f0f16a343da9648930e314302b26931ba44f4e
results	data/pair_axis/results/absfollow_pairL2_05_pairaxis_icae.json	10197	ef70b9f45b079ae7537ce7190720d77b88b4acae8ed25269d8be2e2ec5651622
results	data/pair_axis/results/absfollow_pairL2_06_pairaxis.json	35622	bf447b016f784f8160005027c97cff4656eb82aaaca0d2f6c4379979a30aef4f
results	data/pair_axis/results/absfollow_pairL2_06_pairaxis_icae.json	10476	82bb6e853689301d6dd3a3e01dc257b9d77767e3da3b5868140c0fb0e51a02a3
results	data/pair_axis/results/absfollow_pairL2_07_pairaxis.json	37149	58db5edaff4c68165b09e6f895962ac3d7309ef81ad92e32a581f27d19536a1a
results	data/pair_axis/results/absfollow_pairL2_07_pairaxis_icae.json	11068	946bdafd8962f30e045f69a7d78989a1fbfb9b4a965651ac7c5152874d9b1745
results	data/pair_axis/results/absfollow_pairL2_08_pairaxis.json	36861	3ce39d58427cbcf2fa8fae1c3349e4b08b095f52f2604af1eb6246caa58bb19b
results	data/pair_axis/results/absfollow_pairL2_08_pairaxis_icae.json	11470	15d83e6d0f56a30fb49a119ba2f4b0eb44db6bdbfde30f901db26d8e712794df
results	data/pair_axis/results/absfollow_pairL2_09_pairaxis.json	37013	7ac0b440e49d2eca34e4440c412b2656afb76151f9b7409e266485490893f38b
results	data/pair_axis/results/absfollow_pairL2_09_pairaxis_icae.json	10852	0c874b465155164a1ff1537c3b4ca458d74eb4a32fa8f8a04c658ea56356b209
results	data/pair_axis/results/absfollow_pairL2_10_pairaxis.json	36433	9688ceab0d4e1e340b8f9e2562991f344cdc9f8504eeb640f29b375027535b4f
results	data/pair_axis/results/absfollow_pairL2_10_pairaxis_icae.json	9856	87d9fdf76655c1c3a7f7ce2b315f9ac830a4493f13333552177050534e3ed047
results	data/pair_axis/results/absfollow_pairL2_11_pairaxis.json	35385	8ca4cd99fc69e7b628dcd87e4e95a34a9aa6571ee12af87788f955c040f2130d
results	data/pair_axis/results/absfollow_pairL2_11_pairaxis_icae.json	10406	d1a7276e296e7939995f8bf80b7c67c2cece94f6aacfdd7af047cfd6efc67e5d
results	data/pair_axis/results/absfollow_pairL2_12_pairaxis.json	35202	5d5006c6b9082966c47107459017f1288289a5fb25086192b1d70bec3c11e5f4
results	data/pair_axis/results/absfollow_pairL2_12_pairaxis_icae.json	11136	99b6fe9ae1610eb54e894f288361b00065105535f1f38498fb80cb8c5571b888
results	data/pair_axis/results/absfollow_pairL2_13_pairaxis.json	36042	2137c6fd00ba028398c9628758cf4eff3d654ed0742bd107fcb89b31278f811a
results	data/pair_axis/results/absfollow_pairL2_13_pairaxis_icae.json	9050	27cdae54ec900566b451cdcb2059dd6376d39edbf889fe9241bdc853121c3ec3
results	data/pair_axis/results/absfollow_pairL2_14_pairaxis.json	36185	d6bb5597903356278b939ac0c4f35838499db83f9c0c0269b947c8160e108c56
results	data/pair_axis/results/absfollow_pairL2_14_pairaxis_icae.json	10657	526afe81f39c15fb07d01c588a87a147faf5d5df70a7902b704b1d9502b58199
results	data/pair_axis/results/absfollow_pairL2_15_pairaxis.json	36509	b5877dce6b075c689a75f3f78fba07a3372c7df25172060d6453725d08139f5d
results	data/pair_axis/results/absfollow_pairL2_15_pairaxis_icae.json	11267	2400046f0335b0f6f7acbc80cd95946089250f96d3398632636e3f7916371896
results	data/pair_axis/results/absfollow_pairL2_16_pairaxis.json	36813	cedebc1f7157a57c85d8b840d1e3456dcc008c431556d39203096433feece511
results	data/pair_axis/results/absfollow_pairL2_16_pairaxis_icae.json	10426	9d963948965888cf348d185c9ca77dd307d6624976c59bd99fd96a6ad7ebda1a
results	data/pair_axis/results/absfollow_pairL2_17_pairaxis.json	35793	1e2b5a246b72fdc4da6ea04ca110f644731368f85f6c1c0afc74b542b9c680eb
results	data/pair_axis/results/absfollow_pairL2_17_pairaxis_icae.json	11426	2c8a8f72c87282545872fba7033e4c33741306ae337a094dc8db1e25e51c3a6d
results	data/pair_axis/results/absfollow_pairL2_18_pairaxis.json	36019	372110ddfc755a3f15aaf8e1e87d49a2a269d8432f65307b36cb098e7a5d0d08
results	data/pair_axis/results/absfollow_pairL2_18_pairaxis_icae.json	11336	0734a2f8b442b6fe9b3b64a570bcfbbdc379a0384bb12203a1fbeaccbba379af
results	data/pair_axis/results/absfollow_pairL2_19_pairaxis.json	34664	4d244623ddc5f0fbe4c3bb6968adf07209ac5e15cc5b70db2a6db76c1da63cb5
results	data/pair_axis/results/absfollow_pairL2_19_pairaxis_icae.json	10319	205c9fb211eb4ef123403bdb6067bb82781a3f462644d780272a773bd9040152
results	data/pair_axis/results/absfollow_pairL2_20_pairaxis.json	36556	ae0eb5c13aab31769f833b9f366e82bb13dab4662adf60ec7cf6e484b00d5219
results	data/pair_axis/results/absfollow_pairL2_20_pairaxis_icae.json	10537	07ed4baf261f495e289980fbc42c883b4e03011615d4c5268fe797163b785a4d
results	data/pair_axis/results/absfollow_pairL2_21_pairaxis.json	36871	ddd7ec71184a7d42e3e7cb2b7844a380d609ecc8c0ad5c95092d96517f4c4f5b
results	data/pair_axis/results/absfollow_pairL2_21_pairaxis_icae.json	10489	4f00a1cbef69904456d6917f84a3fe31459ce84e76879b42f159fbc1579010d5
results	data/pair_axis/results/absfollow_pairL2_22_pairaxis.json	33739	2b9503bdc16ebb0097ffb31656e53c48309e4f3a8eaff296a637566288f909ec
results	data/pair_axis/results/absfollow_pairL2_22_pairaxis_icae.json	9988	4c405cf64aed915b6fc596b916478f9d5ca2cad76548737dd6bf9b822c8f323d
results	data/pair_axis/results/absfollow_pairL2_23_pairaxis.json	38044	8e93709528a7dedf1641f871c3f4d4d151e6d18a9cf752de9d9f1bbb364e7cd9
results	data/pair_axis/results/absfollow_pairL2_23_pairaxis_icae.json	10900	e9bd3670c336a7724e77c23a3afe67281a51e40c93e4cfdd745bb345da6e1d39
results	data/pair_axis/results/absfollow_pairL2_24_pairaxis.json	35371	c1584489289c4657800d267a28a9e2d48c5f6a83dbc51783cc2bbb658c9bcb27
results	data/pair_axis/results/absfollow_pairL2_24_pairaxis_icae.json	9849	fd94afbeef4399fa2898c1662ffe2e37d8a0712fc4997262b6fad529848cb9bd
results	data/pair_axis/results/absfollow_pairL2_25_pairaxis.json	37376	d7b348584c09d8b753b10c5206fca381d37b86b634d857630f6db7f225724395
results	data/pair_axis/results/absfollow_pairL2_25_pairaxis_icae.json	10007	f5aaa7a657cf5a9dc0b9280b2420c02352dfeb2454edc8eb501480b1fcfcef81
results	data/pair_axis/results/absfollow_pairL2_26_pairaxis.json	34390	d4a032af07a78bea25d96ac90fee958479d09772ba0ed4ce80e1ed2d0018a846
results	data/pair_axis/results/absfollow_pairL2_26_pairaxis_icae.json	10104	279a5923560d20eb84c6b25b2f47db74e08b74ecbfe23ae12e28280261362b03
results	data/pair_axis/results/absfollow_pairL2_27_pairaxis.json	35976	3a3a072c77afba812a05a69768a4b24106b1dceb6fff3ba04a26eb61ecc7df22
results	data/pair_axis/results/absfollow_pairL2_27_pairaxis_icae.json	12496	5776ef168ee39529e6fbd421ba424d2b686d10de13c07e55a38e9f26a1247c2f
results	data/pair_axis/results/absfollow_pairL2_28_pairaxis.json	35687	f3b63319d8fca3bd55eac6258c13d4606c57187c4ed0ae894e8aacc093211747
results	data/pair_axis/results/absfollow_pairL2_28_pairaxis_icae.json	10664	82649f1e4fa05d4124121afb12eabb4462f350c030de5545ee173ae9d0cd9a8f
results	data/pair_axis/results/absfollow_pairL2_29_pairaxis.json	37001	e5750cbe2f4471b126d402cc6cc7cceb07dc5878c7edd610266fba9ea2550c69
results	data/pair_axis/results/absfollow_pairL2_29_pairaxis_icae.json	11453	79a7a477511a87abd1bf4fa80e41a0372cde2b841a26eb732256fa7d759d1c98
results	data/pair_axis/results/absfollow_pairL2_30_pairaxis.json	36979	15276b98ec25570e03d6b5dd8a0c7fdab4f304a38246424a04e898f683dc7389
results	data/pair_axis/results/absfollow_pairL2_30_pairaxis_icae.json	10083	c20adee842e8e4cd96a90c3144c88faca906abff8cc2f1034c098b5de645d4e2
results	data/pair_axis/results/absfollow_pairL2_31_pairaxis.json	35284	8de037afd480cbce5d5d6e7fc2c27f957340e11c8b5c986a05499925bb247b60
results	data/pair_axis/results/absfollow_pairL2_31_pairaxis_icae.json	10737	9c37619585ffeac6e5e9e443b198b0f1b57163acd0d80e706d7564516f62b215
results	data/pair_axis/results/absfollow_pairL2_32_pairaxis.json	37853	0002e73c3047a5bf32318a05ec9584e9187358e714ee56ee000119548a4f106e
results	data/pair_axis/results/absfollow_pairL2_32_pairaxis_icae.json	12062	69d483be34d97354387bba2aba28e95a4500fc59672abb646f40d86fa6d66d5f
results	data/pair_axis/results/absfollow_pairL2_33_pairaxis.json	37289	62e94f15cf17c1515e243b49513a3490354c89cbe441033c8d51858d514fcfd1
results	data/pair_axis/results/absfollow_pairL2_33_pairaxis_icae.json	10622	25338b4fbb4915333de6c465c42029752ff9c4351e8b2b3bf744f74627a9993b
results	data/pair_axis/results/absfollow_pairL2_34_pairaxis.json	35890	60678e414b554258dd54023dadef2ea1a6594521665f6f7a7d622a4c19e9c716
results	data/pair_axis/results/absfollow_pairL2_34_pairaxis_icae.json	11325	e57630b7b7391575ac02b21fa11e2b469aba8616fa2b7140e2d8c715bf46e556
results	data/pair_axis/results/absfollow_pairL2_35_pairaxis.json	36159	3dc17441ff29e31d295524a4db663a352cb950de2807a2fe7d394f1cb8a8e6b7
results	data/pair_axis/results/absfollow_pairL2_35_pairaxis_icae.json	11316	4ac11d0cf0da85eb6b9152218afbd415fc864374b8fc5a90b3e47de4fb96f319
results	data/pair_axis/results/absfollow_pairL2_36_pairaxis.json	33264	f8345816ac07e9d1fc90bdf5f8455f0d2f148222488903259e1cf9cb70bf7a0e
results	data/pair_axis/results/absfollow_pairL2_36_pairaxis_icae.json	10101	79f2ba3dc4e01c475ab19fe8be603f5169d27827673d816abd49e43ecc363734
results	data/pair_axis/results/absfollow_pairL2_37_pairaxis.json	38022	b72b0f00ee60bf16135365f45d922055d8d778005544440ca91991db5bf43414
results	data/pair_axis/results/absfollow_pairL2_37_pairaxis_icae.json	10420	88ca9a9f9a749ee769572b97f4a70531c0f3239bd2a6da0a76c849b62727fcdf
results	data/pair_axis/results/absfollow_pairL2_38_pairaxis.json	34973	e0fa5ddd42ae4441d93a3c189590e0de3d775bb71ad6dd6b0a972b1cedc44d8b
results	data/pair_axis/results/absfollow_pairL2_38_pairaxis_icae.json	10680	400d6b89ff35dff7a8e73950c66e7be5635d872b6a4bd6d281bb1c4418830126
results	data/pair_axis/results/absfollow_pairL2_39_pairaxis.json	35990	b628cd1d630777354939228171e724e5255f1c47206dfda1c973a77e5d9d282e
results	data/pair_axis/results/absfollow_pairL2_39_pairaxis_icae.json	11719	d3f525e3570b19836a6da3f1df7447128ca9fde71e2e4a8733b493a68064e271
results	data/pair_axis/results/absfollow_pairL2_40_pairaxis.json	35535	0c4a399e0edeb9d121c449f4dfe1155aacac447a2fdcd46be09054a81ffae8ee
results	data/pair_axis/results/absfollow_pairL2_40_pairaxis_icae.json	10106	4faaa3e571bbef310683fc619d6368a4bbda3d82d47f3d20664c8fd56620fa3c
results	data/pair_axis/results/absfollow_pairL2_41_pairaxis.json	35473	c66276c7d640d36fa1c8fb2a9110c57968f3a62fe3e9e3117937dc110a7e5751
results	data/pair_axis/results/absfollow_pairL2_41_pairaxis_icae.json	9883	a668d895dff4c4366051a99026ff3ac90436266edbb67d4cf57e4be1651b08c1
results	data/pair_axis/results/absfollow_pairL2_42_pairaxis.json	35210	d9ff7763e393b18041085962da3951f69d2722be094b68f1cf7f97fd248f287a
results	data/pair_axis/results/absfollow_pairL2_42_pairaxis_icae.json	10054	28bf2702c19c86928c479c31f834ce9306cc8f0869c00e0d2597ea7b9a0b0dc7
results	data/pair_axis/results/absfollow_pairL2_43_pairaxis.json	38600	bb1a3650ff52424cd86a9e505705262683afc008dceff38ef1161d9998f1cae8
results	data/pair_axis/results/absfollow_pairL2_43_pairaxis_icae.json	12542	be1ea6b372625334736db77557bd2c701b9d61f66093f76a745f48c81f515870
results	data/pair_axis/results/absfollow_pairL2_44_pairaxis.json	34115	2b1e9cbd90d7f4a65e91a25816b9be3bb28352bbdc324f3b67f01e42215bf546
results	data/pair_axis/results/absfollow_pairL2_44_pairaxis_icae.json	8560	7447c8d86b76f7820d826f8ba061ad9c7d56c80b0bc9d52d873f47067a6569a0
results	data/pair_axis/results/absfollow_pairL2_45_pairaxis.json	34504	c092c4bad7a4b5fc7bec07a0c92ecb48513798e28b5f0db5f55b922a17d8ea58
results	data/pair_axis/results/absfollow_pairL2_45_pairaxis_icae.json	10248	8db958961159ee3415f1b7fb2c839439ffe05a11b2600d94114e8ccf6b0ca4d7
results	data/pair_axis/results/absfollow_pairL2_46_pairaxis.json	34399	df1515a43ebb88636af355b66feca61b529c53c27e0e87a22d9cd24cf32392eb
results	data/pair_axis/results/absfollow_pairL2_46_pairaxis_icae.json	10966	a2784f84887883f6685d464aab8fb882c7c47ac2b3371d9bf356950e91732e6e
results	data/pair_axis/results/absfollow_pairL2_47_pairaxis.json	33757	69e58a231de2afdd4f4af9f1d44b8f769b2af69dbdda940a50f27d790d9bd45e
results	data/pair_axis/results/absfollow_pairL2_47_pairaxis_icae.json	9856	f7c4e422e4963f52b0c8bc26810ed71d7478d9d60c606aa69501dd4e82e412e7
results	data/pair_axis/results/absfollow_pairL2_48_pairaxis.json	36876	021676d292d1df26ddf5084bc5ea71a5ac09233c829e6ad7ff0f1eaac2899269
results	data/pair_axis/results/absfollow_pairL2_48_pairaxis_icae.json	10322	b7acc9354f39027c49040d9b0ce18277bee573b1a094ee54de66473afbf29dc2
results	data/pair_axis/results/absfollow_pairL2_49_pairaxis.json	35455	142880fc3a0088d1667340ee36597e234bcca44f098c3902ad1e8bde1a03a5d4
results	data/pair_axis/results/absfollow_pairL2_49_pairaxis_icae.json	9401	3377d6fcd250ebf4da8ff685959cbebd63f73be7aa99862484a1085bfc5250b5
results	data/pair_axis/results/absfollow_pairL3_00_pairaxis.json	39289	eed2f2757f341f8ec3e78ff3d271a6de96b64ba10db6b2845265e87d66b4c016
results	data/pair_axis/results/absfollow_pairL3_00_pairaxis_icae.json	12339	96b0203b256a3f67eafdd0ef374e6088573275ab9d9c7d4843f5c51f8bae0195
results	data/pair_axis/results/absfollow_pairL3_01_pairaxis.json	35466	36df7b7ac1fabab99abdc65017c344c714cd81c5942d5bed6867819612391513
results	data/pair_axis/results/absfollow_pairL3_01_pairaxis_icae.json	9312	d7cda5de5c4b4ba194f0537cec5459d6e49157c00595f6be68ea8bb06a9c2e0f
results	data/pair_axis/results/absfollow_pairL3_02_pairaxis.json	37512	17cf50585af79987d1a9a7e4da3d4946a1a76f0b7660195905d0c25625e8de58
results	data/pair_axis/results/absfollow_pairL3_02_pairaxis_icae.json	11815	cf4f2b647cfba09243a5aa98aca54792e89d64c46f9c1b9b96b2ba229418f2d5
results	data/pair_axis/results/absfollow_pairL3_03_pairaxis.json	36318	dae044aded334958d65c96c8609bdc9ae46f9d7ed507fe29d374878ce3bab8fd
results	data/pair_axis/results/absfollow_pairL3_03_pairaxis_icae.json	11921	76ae5600ca0db479804f661d0256dfddfa04f6316d7d71d66b7bf156797d5549
results	data/pair_axis/results/absfollow_pairL3_04_pairaxis.json	38154	2ebbfdb94e3c6b0446a481be33dd4f52d5c098ea03845e98c7814dc155d7418a
results	data/pair_axis/results/absfollow_pairL3_04_pairaxis_icae.json	10549	ee70ea1a4e8ea472ad21b39f4c995f96c89aadfdf21b41e0a0ab50a2fd042c72
results	data/pair_axis/results/absfollow_pairL3_05_pairaxis.json	37174	8bfd8141683e44706688b3be935765424e5c9a6bfd28ed048d062abc827e8c30
results	data/pair_axis/results/absfollow_pairL3_05_pairaxis_icae.json	10960	92bcb3389877325380ef5270c6391a90f1ee45a197685f35106d083541e4c81e
results	data/pair_axis/results/absfollow_pairL3_06_pairaxis.json	38683	658bd464e08bbe1c34bf4eaf045a9a21cf211c85d495a99d22c937054c616378
results	data/pair_axis/results/absfollow_pairL3_06_pairaxis_icae.json	11969	8ffb7d767fe0079894cf30a903b1c48411fb899213464eca643c6957fa095c5c
results	data/pair_axis/results/absfollow_pairL3_07_pairaxis.json	36211	f8e9fb8f6a536e5e9dd265de998abdc0f789c95cc00a03b97aec5085f5805772
results	data/pair_axis/results/absfollow_pairL3_07_pairaxis_icae.json	10655	f884ad48e82af94c805592fb997d0b7b10a555d69775fa128b9406bc38826a0d
results	data/pair_axis/results/absfollow_pairL3_08_pairaxis.json	36415	54b8d12ece4a02d56048b906c47a8cada78e666f40c83c32a2b8b0aecc014c69
results	data/pair_axis/results/absfollow_pairL3_08_pairaxis_icae.json	10764	8380e3e4faba7f90e75e9db8a508a5b49770d365cfc786fd179f451cf8803918
results	data/pair_axis/results/absfollow_pairL3_09_pairaxis.json	36894	00579c996d0f29a0bf99692bf6c555c873fcbaa109b869394b9bdabbdd07cc75
results	data/pair_axis/results/absfollow_pairL3_09_pairaxis_icae.json	11222	eefc164f730e25893f20b7d71468d1e10167c2f293d72fabf39059ad08853dee
results	data/pair_axis/results/absfollow_pairL3_10_pairaxis.json	35642	17e08ee6fe252ed6a3f4c526f5ec25199129bac5c87b9af05943ded71bc245ba
results	data/pair_axis/results/absfollow_pairL3_10_pairaxis_icae.json	10676	b27d17d2b0287a4892a700f84719eb31dcc9609b74ebc034f211ecd75eb9fbc4
results	data/pair_axis/results/absfollow_pairL3_11_pairaxis.json	34415	cf315f80724e77dc628e51f46d39acf8caaaf1e080e02e9558c16179463cdef3
results	data/pair_axis/results/absfollow_pairL3_11_pairaxis_icae.json	11401	b611b5924d96337072aadb0bbc5adc1c30537713b67fa3c2a34e6229c4467bbe
results	data/pair_axis/results/absfollow_pairL3_12_pairaxis.json	37952	e10763061d708f5605694e8886411ffac27d5c3bf6adbf3128f1843274d8081f
results	data/pair_axis/results/absfollow_pairL3_12_pairaxis_icae.json	10356	b5373ef41e5ff0428ee31808cfd80bf876945eb68b4361e7ef465ca3a10358ef
results	data/pair_axis/results/absfollow_pairL3_13_pairaxis.json	38158	bfd01c9632c613ae0508d59c232b88350e5c81de10aaf24f15a653cc87799f52
results	data/pair_axis/results/absfollow_pairL3_13_pairaxis_icae.json	11827	f5c7a25fca984d5b5d8e485f36aafb26ef24cf901bd55dc36c0b26800dd544ef
results	data/pair_axis/results/absfollow_pairL3_14_pairaxis.json	37163	64a92d9d49f5c9246bb064e83bc748473f924ff1b169a03635fe012bff5feeda
results	data/pair_axis/results/absfollow_pairL3_14_pairaxis_icae.json	10459	31b775cf2ae65ac589f46feb6d83bcdd3268ef7e798032bd445ad45e3d00d3e7
results	data/pair_axis/results/absfollow_pairL3_15_pairaxis.json	36897	61da0b7da69a1fa4adb2091998bd3f6d1a7b057004c49d57105b014ed795afcf
results	data/pair_axis/results/absfollow_pairL3_15_pairaxis_icae.json	10087	444dd510ef7ee60bd7d7d28e251bd89657e198ca14e2720b1abb3cd1f62e74cb
results	data/pair_axis/results/absfollow_pairL3_16_pairaxis.json	35874	34076971d4ec22dfd5877f7d8c2d8a13521441c8f6d762e9ae9b2b5e8f52e9a8
results	data/pair_axis/results/absfollow_pairL3_16_pairaxis_icae.json	10741	a6284999c9f17b230168b51226d22f2dc3ad5c0a9446239f1d513da728b972d9
results	data/pair_axis/results/absfollow_pairL3_17_pairaxis.json	36363	714615016b30a1727da4187c7db5ccc56ddd7793fb05686f29e8024b3b304ea2
results	data/pair_axis/results/absfollow_pairL3_17_pairaxis_icae.json	11186	8f9683362198727d56df8b443ce9bc8126681fa4902c9f85f75e50a939e7c55d
results	data/pair_axis/results/absfollow_pairL3_18_pairaxis.json	36872	cd0c3932372a9327045ad54992dca43e47faf430eea536d44576a9e11d0d692c
results	data/pair_axis/results/absfollow_pairL3_18_pairaxis_icae.json	10266	f732302fbeec5933de6be1e120da0deedd52ada73a12da484a1f4dcaefdcee18
results	data/pair_axis/results/absfollow_pairL3_19_pairaxis.json	37669	902645fdce7086c5982f5f61f77b211a40ad1e35286a231791dfacd65977f969
results	data/pair_axis/results/absfollow_pairL3_19_pairaxis_icae.json	12341	fed3c1e480f9ee2fa8f0acdf8582b228bcc4e6220a21d097dd1b1fbdd258e300
results	data/pair_axis/results/absfollow_pairL3_20_pairaxis.json	38348	f023a59f331c89dc0e994ad209641cbf57a51f73a1e974e0d485a712f80f902c
results	data/pair_axis/results/absfollow_pairL3_20_pairaxis_icae.json	12140	2671a8030899ea59380d84a0a904aa00f366ea6c04ad66ada8e4b2d1df1db939
results	data/pair_axis/results/absfollow_pairL3_21_pairaxis.json	36000	e2fefd4b908e3f98c3c5d2edfb5ec5a6a983914cda402be60237c9ab2c2afb54
results	data/pair_axis/results/absfollow_pairL3_21_pairaxis_icae.json	10639	1b5d49b9e10adce64fb5663f9043b53d4c10062d4566b8006d7c7ad788c8553a
results	data/pair_axis/results/absfollow_pairL3_22_pairaxis.json	34059	7491d78a4442c78fcbc2b02ffdbef44cae43657f8800ad21943349ef65605a08
results	data/pair_axis/results/absfollow_pairL3_22_pairaxis_icae.json	9621	057865f92690f6f5c2d99ec2f6f4fa6a81b79dc98c1890245d7331efb9eb6882
results	data/pair_axis/results/absfollow_pairL3_23_pairaxis.json	36292	196cecb59db36f04afb66669fcafbbe12b596ee841ced6a288bb3a9560d306b9
results	data/pair_axis/results/absfollow_pairL3_23_pairaxis_icae.json	11332	4b9020dfdc190891f4398cdabd518322e8aef48e4fcbaed294856920138fe2b3
results	data/pair_axis/results/absfollow_pairL3_24_pairaxis.json	37749	a23427d2890b03aaf91df2cc319d7a1bb2518aafc55b7c4dbd0fd7109133f5a4
results	data/pair_axis/results/absfollow_pairL3_24_pairaxis_icae.json	11957	caa99a7c350b8df4ecd90b8747191e9a9e43a570fc4ef4d0401132ca017b91de
results	data/pair_axis/results/absfollow_pairL3_25_pairaxis.json	37011	b408d7c5f1396f9b0049c96155a3c73b7c61bdd36fef46d70ae8e72f18f181ad
results	data/pair_axis/results/absfollow_pairL3_25_pairaxis_icae.json	10008	d68a651508acade6a1e4a280d84db2541af0a01312a398e14ff5c4da6986ade6
results	data/pair_axis/results/absfollow_pairL3_26_pairaxis.json	37590	53e173a1b7d0842d998dbdc3f93889a4ffa656ae489fc50755ee5194a1804def
results	data/pair_axis/results/absfollow_pairL3_26_pairaxis_icae.json	11218	0d933d5270ceb6e20df5852215025498019b9dfbefb4e6ed2c8a42fd32c6401e
results	data/pair_axis/results/absfollow_pairL3_27_pairaxis.json	35800	83a89270d41acc7c230a981b4bf5efa658c6f0c56f7e17de7f616f6dcab062fb
results	data/pair_axis/results/absfollow_pairL3_27_pairaxis_icae.json	9929	6a109b3e1891c687586a7997851daf75707f569791eb1c20dd63b7810140b83d
results	data/pair_axis/results/absfollow_pairL3_28_pairaxis.json	35246	9e8da96c77062f650cf953344c47ccb95b0df6b7914f4c1d136443b359861130
results	data/pair_axis/results/absfollow_pairL3_28_pairaxis_icae.json	10457	8ff90be5ce506d407c531295b99cc15765c7ccf6e551bd477a07f77b56d88d64
results	data/pair_axis/results/absfollow_pairL3_29_pairaxis.json	36415	50ffef145d512af2a2739e893e3f41054b5e849119feeb013305ce06f095e125
results	data/pair_axis/results/absfollow_pairL3_29_pairaxis_icae.json	9788	c694819e779a5c9e78f14b04adb56599d510618d7768ea4fb5ac92ac934a86b4
results	data/pair_axis/results/absfollow_pairL3_30_pairaxis.json	36913	83429b2d39c7db440867ecb2daf926f1ffc6210a233530233e12a4b8e017e7c6
results	data/pair_axis/results/absfollow_pairL3_30_pairaxis_icae.json	11222	8b3f6a2a0f008656f001bd4cd66ece4d3744625e2ba910e061d34e363b9d53b7
results	data/pair_axis/results/absfollow_pairL3_31_pairaxis.json	37126	24fd91995d7e2cf0b6e61ef732718fd3781563bbf38c5901277e88f7df1af067
results	data/pair_axis/results/absfollow_pairL3_31_pairaxis_icae.json	10101	c665f0d40cc12b7211075d520ca1718f716aebf3577c47874bdc52c877def53d
results	data/pair_axis/results/absfollow_pairL3_32_pairaxis.json	35646	0a29d4465152ca4641abf2881e88613470ec0f4bf2edee2b7edac2879094e4e1
results	data/pair_axis/results/absfollow_pairL3_32_pairaxis_icae.json	9720	1b835e0951a9c93af6af12ff3f8f227a8bbdc426253d25bb8a130ba8202e512d
results	data/pair_axis/results/absfollow_pairL3_33_pairaxis.json	35498	d5976ca6fed65d54917e684189c4b50f60cb4aff700e44118911a5ede7e4aad3
results	data/pair_axis/results/absfollow_pairL3_33_pairaxis_icae.json	10263	b58c2178a4fb6dcaadb208f3f509f75cf1092add404fbc7e9d2aa80264581ee7
results	data/pair_axis/results/absfollow_pairL3_34_pairaxis.json	36091	9d81716b9b97bc8c57725e26668eb48bbe2d830999e3154f64b569f1f076ef42
results	data/pair_axis/results/absfollow_pairL3_34_pairaxis_icae.json	12122	8f7522375d9e1a3700b70e5ee6532c04ed93f0f620c225e06371345f6287bc4b
results	data/pair_axis/results/absfollow_pairL3_35_pairaxis.json	36813	6ee591914194795c221da62252a23313047f25d302cd729447f7bc3106d97118
results	data/pair_axis/results/absfollow_pairL3_35_pairaxis_icae.json	11004	05cac6a0931537a0e5b668eb4605ca876095ef976c93161fd7e9360ce61f517c
results	data/pair_axis/results/absfollow_pairL3_36_pairaxis.json	37078	7c4bc73cfabde9d3b9869a8b04a6f73869c0e2f5b372542ae780a41fb345131a
results	data/pair_axis/results/absfollow_pairL3_36_pairaxis_icae.json	11044	a02861f18b6c37b986056882027bcf40e68089e1710cbbd75f453a2acda27b90
results	data/pair_axis/results/absfollow_pairL3_37_pairaxis.json	37215	5ca0bec21341b4135824dd5607e715c22afc3cbb2e88cc120212158b39918bbb
results	data/pair_axis/results/absfollow_pairL3_37_pairaxis_icae.json	11719	23069117b1e7d5777ac6474b2ef927a904963087e2d056b3c0a90d380f9decee
results	data/pair_axis/results/absfollow_pairL3_38_pairaxis.json	38109	a85697e64ddf5b11b236352d66bd88366376ee9f07f2a6b50caa5371280e9d23
results	data/pair_axis/results/absfollow_pairL3_38_pairaxis_icae.json	11195	9e5dc3cafb9e798b645132fb746ebca75104a5ce70b29625f4ef024bd1c41d84
results	data/pair_axis/results/absfollow_pairL3_39_pairaxis.json	36675	c2e1bdf4d85bf9967a8fe251deab94e72b162e66241221d8d628632d186487b8
results	data/pair_axis/results/absfollow_pairL3_39_pairaxis_icae.json	10795	c24d3e5dafc803c797ccb1a28d9481dcecf088189050afca0f42601c095ffee9
results	data/pair_axis/results/absfollow_pairL3_40_pairaxis.json	36471	7bd9f42485f137ab73594ef8bbfb14aef761602964e33fab05621c2db5caf18e
results	data/pair_axis/results/absfollow_pairL3_40_pairaxis_icae.json	11385	ef7a5d83ada2c0a8368d132b16b941695dd54ca12f2e8290f539cec8df01f436
results	data/pair_axis/results/absfollow_pairL3_41_pairaxis.json	37077	292ed96b2e11abbd6346518c740cecf0d8fea0f1b127f3b028f20d1b148a1ca7
results	data/pair_axis/results/absfollow_pairL3_41_pairaxis_icae.json	10332	4622f253ca74c8f7e83ba7f70c0461f59baeef68db507e1d59e876c807de7aea
results	data/pair_axis/results/absfollow_pairL3_42_pairaxis.json	37060	ffaa6d4c71521701f9c21cb1cb3310872356e51bd020ed699f340e986da2a706
results	data/pair_axis/results/absfollow_pairL3_42_pairaxis_icae.json	10953	621de73d4d69c446431181b87c2af0a7ed2539013447921ed79db5f43aad10dc
results	data/pair_axis/results/absfollow_pairL3_43_pairaxis.json	36045	d2dacd4eab17e99ea6c4f01c59aecdd96eadf1c04381b0b017ca4e8a92cab175
results	data/pair_axis/results/absfollow_pairL3_43_pairaxis_icae.json	10281	ce67e2f39c45be522dccdeed0813603898e1553d938cf607e59a99b4eb8b347e
results	data/pair_axis/results/absfollow_pairL3_44_pairaxis.json	34974	f436d768f276196d6d7b27a0eba619bb368f08e6849cadd273590a4594480306
results	data/pair_axis/results/absfollow_pairL3_44_pairaxis_icae.json	11756	a61f5a41a759437c2f297d14d788d730dfe796862e35c9b9222030b77f872a8a
results	data/pair_axis/results/absfollow_pairL3_45_pairaxis.json	35348	6180cdd76714109f4107ac7842b004a8ed84405f0406eee49acfe6ec067ec32e
results	data/pair_axis/results/absfollow_pairL3_45_pairaxis_icae.json	10350	88eefd52d9dba767332f33ccfb26ac900c60f4081a7eed1c350ad80f241f8ccf
results	data/pair_axis/results/absfollow_pairL3_46_pairaxis.json	37121	fb5a6f3c9400e270c86f76bff0362395a03b7efc4f2755d429d337afb35e5441
results	data/pair_axis/results/absfollow_pairL3_46_pairaxis_icae.json	11332	bf9af8f8ebe669a0992cbcda8191f60f11c32394cd1923744eec5de18a679f5c
results	data/pair_axis/results/absfollow_pairL3_47_pairaxis.json	39064	0c44ed1bbe3867de370c5059e9d322a8f389ef9b389f4f7904f71b2febae2580
results	data/pair_axis/results/absfollow_pairL3_47_pairaxis_icae.json	10977	6df7f336e41061d4d647f32f0ef4347d2b742b03d156260a2a1592df2bd4abe2
results	data/pair_axis/results/absfollow_pairL3_48_pairaxis.json	35369	0f7558fb25f9e777dd79687b4719feab377fa1fbe98631e4bd2546e304729c95
results	data/pair_axis/results/absfollow_pairL3_48_pairaxis_icae.json	11427	a872e0f7a84001be940d823a99061fe6687ff008a35316a2f5ba320cb1147c9b
results	data/pair_axis/results/absfollow_pairL3_49_pairaxis.json	35350	d1aeb5eb2686ed1035f0fd37ed40303e22fffbebf72654823ebc37dbdc87ae06
results	data/pair_axis/results/absfollow_pairL3_49_pairaxis_icae.json	10255	94fd80b8da1d8ca658de499cd4ca9ee6c4dff7e91a58b17921ec83d623705c1a
results	data/pair_axis/results/absfollow_pairL4_00_pairaxis.json	37376	90ef4a3b352a1ed8e28dca65bd5cac9fc1f13a8daa73535df3cad2d582bba831
results	data/pair_axis/results/absfollow_pairL4_00_pairaxis_icae.json	10538	566461ec3f59d59fdeedca94be514fcc434e602bd8579649abff45b408ee7375
results	data/pair_axis/results/absfollow_pairL4_01_pairaxis.json	34246	f86316eccc3fe2401894c0c5828cde5910bd2cee31cae54dfc28790a5fe511de
results	data/pair_axis/results/absfollow_pairL4_01_pairaxis_icae.json	10361	24309b7005351a27c698572c4364ca13477ae07e9da61f6b7f07d69484916463
results	data/pair_axis/results/absfollow_pairL4_02_pairaxis.json	36666	2a8ca2fbf572b5c2a169adbdf750f521979b55dc02658926baa42ed7305a1fa7
results	data/pair_axis/results/absfollow_pairL4_02_pairaxis_icae.json	10213	c6e29f8402a1797ee3a5142de4927953ae5fda059fc91d9093270696fbed1680
results	data/pair_axis/results/absfollow_pairL4_03_pairaxis.json	35423	3e337e276aadd7262bebddf0c50e2279b9024953bb83acca4d1af7ba83bcfe6f
results	data/pair_axis/results/absfollow_pairL4_03_pairaxis_icae.json	10696	b3556f0de0da93fca4472e37376238df20a630a6a25c442340cd4b667434fa13
results	data/pair_axis/results/absfollow_pairL4_04_pairaxis.json	36541	d2b404169561f3f1bfb46f9ca52daf0d894f5f20951fa4f96705c3991993e431
results	data/pair_axis/results/absfollow_pairL4_04_pairaxis_icae.json	11087	7ee2468fb6d6e1c735864e65f8225ebe6e9f3c11b9d387fcb3e62df0bbb53f84
results	data/pair_axis/results/absfollow_pairL4_05_pairaxis.json	37164	ceef8ffe29d0b956c716cbfe1687fa7f528cf0946410695e210ff60aa1605066
results	data/pair_axis/results/absfollow_pairL4_05_pairaxis_icae.json	13475	b8af9d7e133ca2ebe4b527732828f0a08914e2014b08669c8265907382c26ca9
results	data/pair_axis/results/absfollow_pairL4_06_pairaxis.json	36288	4d9af339c66b105e1f5de9f24b2716e4a457b38f5a7cc295e76554f0290fe9e0
results	data/pair_axis/results/absfollow_pairL4_06_pairaxis_icae.json	11323	e3c7834852288619c76ab8ac4925a56ff6aaa7566f2d9ae9335978e95bf17c82
results	data/pair_axis/results/absfollow_pairL4_07_pairaxis.json	35371	501948e6c0b23fb3f71e1030ad43c340ce8dffb7ee1fd97247b8b6070b1bb3d4
results	data/pair_axis/results/absfollow_pairL4_07_pairaxis_icae.json	10873	e4ecb82cf1668d8766cf773d76c72b266069ab8c825daf04b44a3754045ef453
results	data/pair_axis/results/absfollow_pairL4_08_pairaxis.json	36104	53413be7f7d6eaad67f3c81f29336bc48d013c1a3a675d60d5b42eb5de0abe33
results	data/pair_axis/results/absfollow_pairL4_08_pairaxis_icae.json	11348	aaef92afe931afff9251d0ea7753ad8bd9ed599066111e8b091e05272ff90dab
results	data/pair_axis/results/absfollow_pairL4_09_pairaxis.json	35730	f1f480640bf5e9c0a3380036b37e5deeb64f5982c251e90df4b013455fe42bf3
results	data/pair_axis/results/absfollow_pairL4_09_pairaxis_icae.json	11432	1356dc4b3ff8dde476e66e5d70bfd73833bfe2817a7e515d68d4c53296d115bc
results	data/pair_axis/results/absfollow_pairL4_10_pairaxis.json	35948	54d7c10be965ec8462564fe45dbd3e99d6224088fcba1e47ea7e3d3cb26c3684
results	data/pair_axis/results/absfollow_pairL4_10_pairaxis_icae.json	10779	66794d89493c4d457dbc69edfb297d6f13480934c4e2fc4e3ee4cb625d248ae3
results	data/pair_axis/results/absfollow_pairL4_11_pairaxis.json	38840	9b30842255f87eccaad9a526676f1c06acc0343056b7ffea7d4e36463df7b289
results	data/pair_axis/results/absfollow_pairL4_11_pairaxis_icae.json	11694	5f846a1e5d02900ef9d5c7e147b62fa5f1013daeb2a823c4d67bbde592a10f4a
results	data/pair_axis/results/absfollow_pairL4_12_pairaxis.json	36742	514d50828588ac1cd675c3ef1b3f0cf0fcd3896d398d53e7f6cbeb4d915f4141
results	data/pair_axis/results/absfollow_pairL4_12_pairaxis_icae.json	10478	ad8416e2b8f29409c2f036702779007f64a8003743cc97970c0fe1db017c7b68
results	data/pair_axis/results/absfollow_pairL4_13_pairaxis.json	35468	faf7b2d98f570ec463fc39f13791df721adb485f68596d8063a8c1259bfbe7ca
results	data/pair_axis/results/absfollow_pairL4_13_pairaxis_icae.json	10907	62ee590e4aeeab65bab49c901ec633fb1951e56d1b3268bfa5662818ae6332b6
results	data/pair_axis/results/absfollow_pairL4_14_pairaxis.json	36965	9445a9c0e7872969883be3189e8f85b6660ddcfb84a48a92b80dfb22d5d2dc0a
results	data/pair_axis/results/absfollow_pairL4_14_pairaxis_icae.json	11228	54980bde29c2e6b7aabb0727483cdba74921294c228cd27928ee19ec2210d98b
results	data/pair_axis/results/absfollow_pairL4_15_pairaxis.json	35606	3103fddf6764fae4d2686f80871412e805e0c5191667f57241ed503feec6d52b
results	data/pair_axis/results/absfollow_pairL4_15_pairaxis_icae.json	10826	e8c089f3dedb8389db6822854681d020b015faa8a0cbe0544572534ce6086cdb
results	data/pair_axis/results/absfollow_pairL4_16_pairaxis.json	35649	5195d7529d3100495d7e1a92be73032627fbcd0f52ba584a8b3a9244ba15fa59
results	data/pair_axis/results/absfollow_pairL4_16_pairaxis_icae.json	12789	e1c954fb2f1c448010339b6ad529c5c890a5bb4c5fdd22ef12b437873332732c
results	data/pair_axis/results/absfollow_pairL4_17_pairaxis.json	36581	d044545c080968ab51fb0b35b3f867c868fcf8f8f73f2780671dd05d0509ba06
results	data/pair_axis/results/absfollow_pairL4_17_pairaxis_icae.json	10047	a523d17a51cf92a4262a280aa91266aea1b5cd8c39841a4061bac9a78082277d
results	data/pair_axis/results/absfollow_pairL4_18_pairaxis.json	37125	19f6c6bd2092c2b20a3e85ec1f9cec0030fe0f64ca93711877483be271d8dcdf
results	data/pair_axis/results/absfollow_pairL4_18_pairaxis_icae.json	11343	350eab55e3e477839f90341a0ffb48fef52cbfdfee9793e922c49a6696377565
results	data/pair_axis/results/absfollow_pairL4_19_pairaxis.json	37275	0fae06a49d440f30bf48380257010955ef7c31069e25ef06b9b8c28f6eb0f9f5
results	data/pair_axis/results/absfollow_pairL4_19_pairaxis_icae.json	11448	bce0b80f9ec353dd9ce363cfdad5b9aea4e565ec09f30213b6826a5c9799fb1d
results	data/pair_axis/results/absfollow_pairL4_20_pairaxis.json	36336	4fd407b56bdc04592a026431323a24dcc1dfeb4c454c85d9a2b988422edc1c46
results	data/pair_axis/results/absfollow_pairL4_20_pairaxis_icae.json	12090	06bfca0e16d53429a26683819d6ecf21bf20848f11cd32654778b30e7f11b118
results	data/pair_axis/results/absfollow_pairL4_21_pairaxis.json	32613	8fe6110f24de6998e4f554bb631254500d2619eb10559b63195542e006eb5412
results	data/pair_axis/results/absfollow_pairL4_21_pairaxis_icae.json	9852	5c3c6a1b5d5de61876f0cac3d8ba15d2cd2a15acb7b3578587d408f6c7c07f82
results	data/pair_axis/results/absfollow_pairL4_22_pairaxis.json	35428	c554d5be5c62ffa2e52cd3fd2725659f5726b52c2134099bf92b92cbeb76cb72
results	data/pair_axis/results/absfollow_pairL4_22_pairaxis_icae.json	9991	2d305c9485ec48ace6eb43d9171db1d7e74e21b71da09d90b10b47e053c0778d
results	data/pair_axis/results/absfollow_pairL4_23_pairaxis.json	37215	b5b9b9df559cc2d12be54f6b2e00eda7d82eb365d9a189dbd35e544a28610713
results	data/pair_axis/results/absfollow_pairL4_23_pairaxis_icae.json	11166	bc03c920c9391033c603ebc96251a2226025bf346c876e39ec53d99536e7834a
results	data/pair_axis/results/absfollow_pairL4_24_pairaxis.json	36167	fc5283ff5f4799692f2487584f463e17215426c405dca8bb83f731cb4af58708
results	data/pair_axis/results/absfollow_pairL4_24_pairaxis_icae.json	10524	f663193fd727ea8e41878d9bcd8dd2f9123494b676fecf414df26a8c7c290476
results	data/pair_axis/results/absfollow_pairL4_25_pairaxis.json	36856	d89e4f2f8fe65c7c85e3d9a14a48384246f561fff5d633e3e147af1f1df20a22
results	data/pair_axis/results/absfollow_pairL4_25_pairaxis_icae.json	10291	1d48961e61bf1519e3de1015b8997cfe34c1e8df422bed46f1ff0f56c2922bb7
results	data/pair_axis/results/absfollow_pairL4_26_pairaxis.json	36166	05ac4a45bcffc17bfb15b3a7c9ded500ef6e717db56abfddd20cf0901c0b4907
results	data/pair_axis/results/absfollow_pairL4_26_pairaxis_icae.json	10618	7717b0b7d392e72c8b42c7323719a16eb1fc98bee809e451a19519771592bd32
results	data/pair_axis/results/absfollow_pairL4_27_pairaxis.json	37565	8583858661029df8653ebeebe8bddf65f2e906f168b7f7cc4eeaa829b9e81a02
results	data/pair_axis/results/absfollow_pairL4_27_pairaxis_icae.json	11745	b94796351fad2806831dd910eb4a8cd3206891de363bd7938258d1d95f333688
results	data/pair_axis/results/absfollow_pairL4_28_pairaxis.json	37575	12f72d322635c375698c585d9c76f3170d1419f47bf89f34eb55b0a14a61d1ce
results	data/pair_axis/results/absfollow_pairL4_28_pairaxis_icae.json	9931	542bb801b1730b30bfbb866022fccac5ba349fe40d11f13bc9594e27e0110ac1
results	data/pair_axis/results/absfollow_pairL4_29_pairaxis.json	36191	a7a425590f9972e325b812b2311b659a965015a1b3e5a70f4fc2754e14fea709
results	data/pair_axis/results/absfollow_pairL4_29_pairaxis_icae.json	9462	3c79f0d88105c98b221f752417f95a120c8995b62f709b1d62780ed0177ea746
results	data/pair_axis/results/absfollow_pairL4_30_pairaxis.json	35731	7e23b14650212a8ef36664243a8881c2bb46e24b33a538c862ca945549c594e7
results	data/pair_axis/results/absfollow_pairL4_30_pairaxis_icae.json	9431	77dd093fa2d1f7cee1feb684010c83020e4acc571fcd954930898c96155b885e
results	data/pair_axis/results/absfollow_pairL4_31_pairaxis.json	35246	e61873f97da929f05bf04eca01f8c43c73c0a5b8ecd40e8217dc0083acded3c3
results	data/pair_axis/results/absfollow_pairL4_31_pairaxis_icae.json	9352	f429d8149aa4e3d0319c02b01b47c230cbb39d30dac3bb33b4f75acadd6f6541
results	data/pair_axis/results/absfollow_pairL4_32_pairaxis.json	36835	e45f302ba36130958a41aec831c06b401064d969226fdd353de5c53af72fabc9
results	data/pair_axis/results/absfollow_pairL4_32_pairaxis_icae.json	10250	79b37aef0ddfb35ae443c7af74ba7c1ce57c2a5459aae641527fb4c756bc36fc
results	data/pair_axis/results/absfollow_pairL4_33_pairaxis.json	37361	bed0f5d9e9255d843fe08d8681671b7026cfef6c5f186d139ff13815e0325d54
results	data/pair_axis/results/absfollow_pairL4_33_pairaxis_icae.json	10727	10395d7350bef9cfad5691ea95ccd332b1b87df3dc7a9b75830bb3c0c3952ab6
results	data/pair_axis/results/absfollow_pairL4_34_pairaxis.json	36624	d30abfacdfe7b8b9eec8c0cd3b07f52ac154373d6eacd5a06dae7771e64950c6
results	data/pair_axis/results/absfollow_pairL4_34_pairaxis_icae.json	9709	300020c3af3b073e19ff25e27c112529a8a112198c422ae997a6d2b60e315fd4
results	data/pair_axis/results/absfollow_pairL4_35_pairaxis.json	35814	b7de48386962db93111d615c72a5949da3c3da6c8580d8d82816cdb53cbc820d
results	data/pair_axis/results/absfollow_pairL4_35_pairaxis_icae.json	8819	9637e7548afaa37b367eef8e79350408f80ba472d0b11f05bc9a9e74de2e0898
results	data/pair_axis/results/absfollow_pairL4_36_pairaxis.json	37506	3bd47b836b8b9c9dc729f2a10cbcbe25ee906cf938c7fccadb6b0c95bea41734
results	data/pair_axis/results/absfollow_pairL4_36_pairaxis_icae.json	11773	1df5f8718d5346ab18fe309c60b86f713b3f846843949680c7b34364adec2b6c
results	data/pair_axis/results/absfollow_pairL4_37_pairaxis.json	35554	34a6c311ba843f6ead83f0b9d782e3e2df13fc4eb643ba4d6d9847125db9d0e4
results	data/pair_axis/results/absfollow_pairL4_37_pairaxis_icae.json	10889	c6d3f85bb2a915341b39102ce67c2ccbb1324799b5e023fcefad8bc9a41e60b7
results	data/pair_axis/results/absfollow_pairL4_38_pairaxis.json	35619	0fdb94a5b081baece74394cfa8eadabc1d36d0c3cf54693645aaa183b825f761
results	data/pair_axis/results/absfollow_pairL4_38_pairaxis_icae.json	10777	476b28ecb425a4461ce5d054f7b40e168c392a1a546f3f7f6dfec6cd0b31b2b6
results	data/pair_axis/results/absfollow_pairL4_39_pairaxis.json	35994	ad777fd3a71d636372bc924c5a6ac32dcedd300b06d20a76758c0ad1ec67099a
results	data/pair_axis/results/absfollow_pairL4_39_pairaxis_icae.json	10601	c00615b6f277c326f611c88d0fdabd0d61bf23533300e8e8fb4e0f72a8b0a1ab
results	data/pair_axis/results/absfollow_pairL4_40_pairaxis.json	34779	5ed7a144156c29b8197f3244194f3d6caae14d523e65de0aa034444e8dd3d203
results	data/pair_axis/results/absfollow_pairL4_40_pairaxis_icae.json	10713	65ec49cb98ea543173f2b7d9327ad1510cae4663ad495c17e2b1787e8b1d0435
results	data/pair_axis/results/absfollow_pairL4_41_pairaxis.json	34725	155ce1810c2df7d501b648cdcbed1d522a4ba179c0046ea590da2d5a38ffd28a
results	data/pair_axis/results/absfollow_pairL4_41_pairaxis_icae.json	11112	36a0448da6e7c17b49527e512fae9fb79f0192cd26c1ea6fa4802be4e7b14dbf
results	data/pair_axis/results/absfollow_pairL4_42_pairaxis.json	37229	5b339c81fd84d5f84d158cfb5b46471ef3720ef021400fd6653a168f5bec98b2
results	data/pair_axis/results/absfollow_pairL4_42_pairaxis_icae.json	11166	0e6e53d2a517a52570422018b1a5a012ec60745ce05ed86a574957495d729f8b
results	data/pair_axis/results/absfollow_pairL4_43_pairaxis.json	37844	bd4444f429060a444735a62368a144826c8945b124f4944542d5a67d9ff8df02
results	data/pair_axis/results/absfollow_pairL4_43_pairaxis_icae.json	11572	c4e28c2ef4b7e563854cc22bcf7d316114528760305b91579371a9f2766daa4a
results	data/pair_axis/results/absfollow_pairL4_44_pairaxis.json	36346	d6d962f5a2d921fb43c2fdbe1d8de1bca81910a32a960eecb2c773927d5d24ca
results	data/pair_axis/results/absfollow_pairL4_44_pairaxis_icae.json	11589	c474c04146d9c4aa95397f3cac0c6f3c05a4537b2cfd664deafdf3b9f9f7a6c6
results	data/pair_axis/results/absfollow_pairL4_45_pairaxis.json	35104	ebe6e5070ab51de18746349d42a180e66867f51c8658507d9d275cf05a915524
results	data/pair_axis/results/absfollow_pairL4_45_pairaxis_icae.json	11210	c9787a7c1521f9ff2a70f5655d46a83a60871b4c23777a9618b46924a9dd7986
results	data/pair_axis/results/absfollow_pairL4_46_pairaxis.json	35772	f52c87f9b1cf57b591d6fa0c8ec2bae5f5a769a08bca3a81b3435b83c6aff074
results	data/pair_axis/results/absfollow_pairL4_46_pairaxis_icae.json	11323	017692abd4816c9c548bf69f85212ce0009ee7438ffbae9771b5b773483859fc
results	data/pair_axis/results/absfollow_pairL4_47_pairaxis.json	38215	2723c219b12622f1d59133e3dea75d54a920d1f5459e18515c42c3fb952fc963
results	data/pair_axis/results/absfollow_pairL4_47_pairaxis_icae.json	11447	c3c0205ff7e1c6dbcb48b3c929ea191830d158dc02e2020aaf5bb4f3f1aeb484
results	data/pair_axis/results/absfollow_pairL4_48_pairaxis.json	35638	077d8b93e0d4b6f5ca4146fdb77224f77872f44f87a3f7cf526e69185a8aff6f
results	data/pair_axis/results/absfollow_pairL4_48_pairaxis_icae.json	9649	a1378761699ce1e34416b5d9e47a1f68c924751b3143c6f5a61106b959f06832
results	data/pair_axis/results/absfollow_pairL4_49_pairaxis.json	36607	1184204e05d5daf37f394fab2998b6cc547288cab9105f4c4e51607a0269b32b
results	data/pair_axis/results/absfollow_pairL4_49_pairaxis_icae.json	11328	42c6d495bf068b5b2cec16bb476f54e8e160d86ede351333f9b28206a3ffc005
results	data/pair_axis/results/absfollow_pairL5_00_pairaxis.json	35290	0aea89c3885f2d67958ebd341e44f72232c0341b364afae8098ee17f32616226
results	data/pair_axis/results/absfollow_pairL5_00_pairaxis_icae.json	11317	5f151c3ea8cb4e0fd5d40f567fa4c113c7f7a5940c2b83fe92d092228f867294
results	data/pair_axis/results/absfollow_pairL5_00_pairaxis_p1.json	32235	e9e537dd8bbd7a906d9b94308ad8cca96d7772b6d82aac12a9b56d9f69068043
results	data/pair_axis/results/absfollow_pairL5_00_pairaxis_p1_icae.json	9080	f02e18c1b42e73aa1be62be1f51a4952425f90a091365bc74cdfe25a98ecb0ec
results	data/pair_axis/results/absfollow_pairL5_00_pairaxis_p2.json	33047	d1c070a1886c3cb16c1a7f5b54fa65af2344afcf0af2d9954eb820bf4dec9187
results	data/pair_axis/results/absfollow_pairL5_00_pairaxis_p2_icae.json	8528	01564e871dc144553bd82c329e7d566b739d81b47817cf1f19164e740a493460
results	data/pair_axis/results/absfollow_pairL5_00_pairaxis_p3.json	33781	7ec88605d3df4fbb573e1f66f067c4316c67fd162c262c88a0ed1a081676932a
results	data/pair_axis/results/absfollow_pairL5_00_pairaxis_p3_icae.json	8555	88db2d0ed8f52bf1ed2bcb5a062591e858bf4eb32c4f108b6685401acce0d78e
results	data/pair_axis/results/absfollow_pairL5_01_pairaxis.json	37237	1bfcff287f8ed0b5c7036a0e6131df9e35de83683c20a8e16ed3c46f7ddba14a
results	data/pair_axis/results/absfollow_pairL5_01_pairaxis_icae.json	9978	ec0292f2607d416bf341c455baeeaaac0dadb9075a6ae4fe9a4750925c036737
results	data/pair_axis/results/absfollow_pairL5_01_pairaxis_p1.json	37029	87a2b43d0ee53313886db3d8d92a3960e8f78152f0f4e46de279299ac54a85d1
results	data/pair_axis/results/absfollow_pairL5_01_pairaxis_p1_icae.json	8005	ef4ed23ca807554af0b13e331ed4fc6783e05d014cdd449b8d8efe9116aacccd
results	data/pair_axis/results/absfollow_pairL5_01_pairaxis_p2.json	34107	24b2e117eacf3049cbe82f511eb22b870863bb24b2974eb941abb61370e5ffdf
results	data/pair_axis/results/absfollow_pairL5_01_pairaxis_p2_icae.json	7210	7d398105bbbdb20767de38410e5d5b6a4a1c3f527b5d3f570bd98d20686ddb18
results	data/pair_axis/results/absfollow_pairL5_01_pairaxis_p3.json	35963	0ccbc0af83500a2a9f3d16ac18cff4a7c572697f3f478e91873bff759286197e
results	data/pair_axis/results/absfollow_pairL5_01_pairaxis_p3_icae.json	7699	15d6182f0e7e813d37ea23de1dbc33f61d6b0e749fab581eb29f7b5aaffb1633
results	data/pair_axis/results/absfollow_pairL5_02_pairaxis.json	38214	3f54056ca4e8e2ba4d79ad4424232cdf7248f777fea490d448c730726e7083b7
results	data/pair_axis/results/absfollow_pairL5_02_pairaxis_icae.json	10656	b3ab2f56d131416ef46cec979734b721e7412a0a432c9b0f50f73941e5429355
results	data/pair_axis/results/absfollow_pairL5_02_pairaxis_p1.json	35595	e0d580452a3b741606f4f52452bfe8c585f9485c65a0efdfd61d185f4841e24b
results	data/pair_axis/results/absfollow_pairL5_02_pairaxis_p1_icae.json	9317	d09c2c82d7d575ccfce85f89ccd9bfba905989d27fa61405be762cbfa60ff843
results	data/pair_axis/results/absfollow_pairL5_02_pairaxis_p2.json	34691	7444bc4c27081fd5c0da924683ef14952ec82de8c73c4f28f390ca052d9a4848
results	data/pair_axis/results/absfollow_pairL5_02_pairaxis_p2_icae.json	8424	69eec478b8adf830edf2fbaeb34d98555312257d0bf6af8a30040df1b025077c
results	data/pair_axis/results/absfollow_pairL5_02_pairaxis_p3.json	35539	b0270a75835ccb9f8361935f335118ab678787ad5020cc381fba67b4e885b5bd
results	data/pair_axis/results/absfollow_pairL5_02_pairaxis_p3_icae.json	8718	ac2acb3dce6f687a506e4700fb5c77a16fe1d7bad27aaac8506d23229da3c8c8
results	data/pair_axis/results/absfollow_pairL5_03_pairaxis.json	35108	68b4e3d846c0c87bafe60b74b3b823e739f7d2593eec645ceb4c8e53cf11c1d4
results	data/pair_axis/results/absfollow_pairL5_03_pairaxis_icae.json	10979	4b4aa0cebf3408a2de9e8c4c3cf206dea6d762ffb77377e3e527505a3c9372c8
results	data/pair_axis/results/absfollow_pairL5_03_pairaxis_p1.json	34416	db15a92aa6d5b4530053475e63f5581cd259fecb1f7b1b8cbf32558b4cd85243
results	data/pair_axis/results/absfollow_pairL5_03_pairaxis_p1_icae.json	9969	03097647c3bc88890406aa968a3801e71116cfc3e52bccdeb414932ccd520d74
results	data/pair_axis/results/absfollow_pairL5_03_pairaxis_p2.json	33021	d94fa1549bb06464e11c73c7daeea6da28239568433ab10f2d754d83206eea6f
results	data/pair_axis/results/absfollow_pairL5_03_pairaxis_p2_icae.json	8533	ae9fb6cd35e3f3dcc165d59e2e4c69bc48ecc2ebab135ebe6f6655bcbbf930a7
results	data/pair_axis/results/absfollow_pairL5_03_pairaxis_p3.json	33343	3e23d225cc93f5f64482f7d130f2a4001e054ba6ae8ad2b72e48d3b4a3882c05
results	data/pair_axis/results/absfollow_pairL5_03_pairaxis_p3_icae.json	9763	64f4da20f07b2dad51ec5566bcf1f15d8d84893f4085dcf69577fca378238c7f
results	data/pair_axis/results/absfollow_pairL5_04_pairaxis.json	35828	ab4a11696fc7a51e6902308c8fa89156c8ddde421f6bbfd3dc33602b1976dac4
results	data/pair_axis/results/absfollow_pairL5_04_pairaxis_icae.json	10574	37e5cdb20a04032d10cfac783bce8ee260356d6c986968b7fca077a9edd242bc
results	data/pair_axis/results/absfollow_pairL5_04_pairaxis_p1.json	33507	18e9b075192728f58ea6c42107e684b466899c457bd1efe414e6fd95145f7c99
results	data/pair_axis/results/absfollow_pairL5_04_pairaxis_p1_icae.json	9508	73c658d9ad0e269dd255a9ad641579da983989ccc9a97bca4d17a65ca6c952a7
results	data/pair_axis/results/absfollow_pairL5_04_pairaxis_p2.json	33529	a7852b6eb85efed878f4efa6c0f6167dc93876ee6f83948857c3b9d489acb360
results	data/pair_axis/results/absfollow_pairL5_04_pairaxis_p2_icae.json	8010	05190210676b52662d09c7505d6bd51ef9e9b8f7e1f920d7741ffb91f4554ec6
results	data/pair_axis/results/absfollow_pairL5_04_pairaxis_p3.json	34391	5ccb5f600bb57ee7848067d4eade5f204d81d6bc997ad40e844b65b3f192b3e7
results	data/pair_axis/results/absfollow_pairL5_04_pairaxis_p3_icae.json	8454	1e80ecfcd5afc93d35394aa7ef14c755cbeffc12b12d8a604115dd1f22a29b61
results	data/pair_axis/results/absfollow_pairL5_05_pairaxis.json	35727	d70244573d262528719f947c433bd00ce2f26b253491965fa263e936b26c6e98
results	data/pair_axis/results/absfollow_pairL5_05_pairaxis_icae.json	11386	e06c22958cbfbfb7bf43afbfc9629a8721e3f4ad70e3b2a7f0cda656fc0174ed
results	data/pair_axis/results/absfollow_pairL5_05_pairaxis_p1.json	35065	ab2ba457d3a25810afba28156c7809e2b558e0a743aed6723f9824366f4bd0df
results	data/pair_axis/results/absfollow_pairL5_05_pairaxis_p1_icae.json	9948	38ca1987df7a1e04759d0e0623c5fe3b4908e3c29dbb31a76f5dc0d0901b1d56
results	data/pair_axis/results/absfollow_pairL5_05_pairaxis_p2.json	33012	a4f0a40cc74b323f47c2d5ef3756615006237e1c8ff85d279290a2467d61c6f7
results	data/pair_axis/results/absfollow_pairL5_05_pairaxis_p2_icae.json	9073	5fb48d8bc6c45aaffcd3df7cbb9f5edb2eb2038420ad8342207cd19f5ddd1b9b
results	data/pair_axis/results/absfollow_pairL5_05_pairaxis_p3.json	34749	4fa8fbfeeac417a8fa4672fafe80c3240aa70ad7dda121ca52467859dbed2af1
results	data/pair_axis/results/absfollow_pairL5_05_pairaxis_p3_icae.json	9714	3ace75d71f6891e9ddee3be3f0b9ca9e7c4a691fd5c4afcea60b1aa87b7adec3
results	data/pair_axis/results/absfollow_pairL5_06_pairaxis.json	36568	832d208d70842aad11f40e512f5639a0a3e82527f09f20d834525ee49131f823
results	data/pair_axis/results/absfollow_pairL5_06_pairaxis_icae.json	10311	81086cc57f35c81173d5751419aad393a35aedd0c312931d9cae23fe1e874ba4
results	data/pair_axis/results/absfollow_pairL5_06_pairaxis_p1.json	34464	528b4742675b72d4e64029ce1037d2ed2ecead7612a0d631489f225ac862b73a
results	data/pair_axis/results/absfollow_pairL5_06_pairaxis_p1_icae.json	9273	8aa1d6069482a6ec2223e93bb34c89c9730f696a071fe6b17120cdbb9a68a33c
results	data/pair_axis/results/absfollow_pairL5_06_pairaxis_p2.json	34136	379199703203318b9aa10162f896c5a71b34d38626c3a422ef20e2c8b38992b5
results	data/pair_axis/results/absfollow_pairL5_06_pairaxis_p2_icae.json	8697	d482e030287213deadcd5edf2d8120c7fd8705895d36c01a456d3964fb4685b8
results	data/pair_axis/results/absfollow_pairL5_06_pairaxis_p3.json	35266	423edc8624eff4fe145538f134c7a3e6c1353a2cd5df6ae8ad398c147dc922ed
results	data/pair_axis/results/absfollow_pairL5_06_pairaxis_p3_icae.json	8963	07907df98511e7de095be5f8f5a8536bf49ec0dd1b0b990dd4496a24eb5062f6
results	data/pair_axis/results/absfollow_pairL5_07_pairaxis.json	36507	9e7e7aa7203852c9b22121448d142ebf552c5422954feb3bb84304068c239fa3
results	data/pair_axis/results/absfollow_pairL5_07_pairaxis_icae.json	11786	633fd7a6ca6debb0fa355a7469d8fadb8769c324f786ced63a9c3a2d704e51b2
results	data/pair_axis/results/absfollow_pairL5_07_pairaxis_p1.json	34696	ee321d2f7bbe614062fd309334d26908bc6dc531adaf6b4333bc75cd3c1d4731
results	data/pair_axis/results/absfollow_pairL5_07_pairaxis_p1_icae.json	9827	3e2af9b7f78de7e577e6ae7bc5e6ed5e980b78577afd23ed97e217411d30c8b4
results	data/pair_axis/results/absfollow_pairL5_07_pairaxis_p2.json	34100	b0539342d463c6bc1d911db701f926b10b0579dd88861ca7c7e60650406aab43
results	data/pair_axis/results/absfollow_pairL5_07_pairaxis_p2_icae.json	9210	bdc770d125e9e82d8f837643bd9fee0c966828b91d0d043b69ef1726b4907457
results	data/pair_axis/results/absfollow_pairL5_07_pairaxis_p3.json	34522	ad40f52ec4d8fb7db8b8d4749efc1bab015b5ea5f0db5492b3dbfecfeafb443e
results	data/pair_axis/results/absfollow_pairL5_07_pairaxis_p3_icae.json	10039	86592ce2c44b1f0bd26201b55b748aa5946b8ac4c340e2bc0a5fab0d529d0c93
results	data/pair_axis/results/absfollow_pairL5_08_pairaxis.json	37474	5c7a609ac621de9aaa4b72269a2de6be1b287e0efddd471d611b0cfe9b76b923
results	data/pair_axis/results/absfollow_pairL5_08_pairaxis_icae.json	12257	2d4faa06f1b6af7f35eb0e29dad4f1476559ccb0c139fdfb5adc5ce14b86b538
results	data/pair_axis/results/absfollow_pairL5_08_pairaxis_p1.json	35322	3862293f6c8d03281e0624519878ea6d99cbaeae7e258ad10875caa06af8a0ac
results	data/pair_axis/results/absfollow_pairL5_08_pairaxis_p1_icae.json	9989	0c11ca62bd4139b27b6a8e2fd661ec8ac98ef524f30f2c5b098e3749c8b069b8
results	data/pair_axis/results/absfollow_pairL5_08_pairaxis_p2.json	34133	2015e0fe014784260518cfb2feb57b4a3c94d9721f5510937917c92b6329b91d
results	data/pair_axis/results/absfollow_pairL5_08_pairaxis_p2_icae.json	9384	6b0cc5855b1a7e276c1b006b8daba8aa3f3a54ba56e2e329397e2d42039283a3
results	data/pair_axis/results/absfollow_pairL5_08_pairaxis_p3.json	34348	8862f2c1e0bd8fa473414111847461b03ba981f2c0fc71b82e084d9b959ac5eb
results	data/pair_axis/results/absfollow_pairL5_08_pairaxis_p3_icae.json	9365	a884003db3e424959598f1812bdfaaea0c75a0b69d9d123f2480097130f28378
results	data/pair_axis/results/absfollow_pairL5_09_pairaxis.json	35978	4ae5502b7628ec63ae50a6ed586211002cdec9ee809a76c7b4d00a482012d2b5
results	data/pair_axis/results/absfollow_pairL5_09_pairaxis_icae.json	11345	943ccc78e0d417d4cc2f1612a749b788d96a8f113e6334f87961d231c4a446d1
results	data/pair_axis/results/absfollow_pairL5_09_pairaxis_p1.json	34481	4c4154c084ba78a88c73f88b18f1eecb1a45933d360d289e60e05a957b8e76c9
results	data/pair_axis/results/absfollow_pairL5_09_pairaxis_p1_icae.json	9523	4b24cfe6c146569161110488e0a61f6f764b32489ccbeef09cfd2b77ace94615
results	data/pair_axis/results/absfollow_pairL5_09_pairaxis_p2.json	33974	b3cea62d21eef71ed17a4d71100ae8a41604d03d17b043e48bbb6cb3bfabef22
results	data/pair_axis/results/absfollow_pairL5_09_pairaxis_p2_icae.json	8463	da3a6d23142c40ffccc59df18f2f7c8cf4c8fd6a5bf06a5add0ab68113881b17
results	data/pair_axis/results/absfollow_pairL5_09_pairaxis_p3.json	34549	b003367d2a51de68737bcd6ad55b67327a3ecba551260afdb718fc2d55f5dca7
results	data/pair_axis/results/absfollow_pairL5_09_pairaxis_p3_icae.json	8792	18ac09bc9b9824065de24dadfe0e5eafdf012a4806d4578300fe34afc6b42c90
results	data/pair_axis/results/absfollow_pairL5_10_pairaxis.json	36755	a163b1293b3ff914e51b820594924ddaee2b47cba4774ebe38de42dbe6ea23d4
results	data/pair_axis/results/absfollow_pairL5_10_pairaxis_icae.json	9689	f8562524c99496bd87f46c6a2e8a9f49df56c2abdf42c8d0c4e640bbbcb730bc
results	data/pair_axis/results/absfollow_pairL5_10_pairaxis_p1.json	33891	d8b50b225473727857b4ff06b3bfc08f1432fea930e7c1daa4929d6edc704d0a
results	data/pair_axis/results/absfollow_pairL5_10_pairaxis_p1_icae.json	8449	c8c142d110b4a7d0bfd5e6af3a6adc7355969d7a0c9a749ebc9b23c4178a54af
results	data/pair_axis/results/absfollow_pairL5_10_pairaxis_p2.json	33405	6ebe8ab546aa396cdd5d80b8a283e9dbc6da67a7ab3ab9687bb4de7f8df106b7
results	data/pair_axis/results/absfollow_pairL5_10_pairaxis_p2_icae.json	7588	7ed29a4b35b3b204c29fe10a03c6034cb9846c9d60ec5706c23301d0ff20bb0d
results	data/pair_axis/results/absfollow_pairL5_10_pairaxis_p3.json	35551	94441f5b53e81e7c647c7cd385ef794637d4ee84c1f8e43d6c4b1af2d436b625
results	data/pair_axis/results/absfollow_pairL5_10_pairaxis_p3_icae.json	7843	9e4228fa63928f933270c8af982a19db79f63d741907a62b9d2c992a014ccf0c
results	data/pair_axis/results/absfollow_pairL5_11_pairaxis.json	36374	39474e4d65b8a8864872186e6780d6d8167c69ac5be43900a5cec60dafa1c2b5
results	data/pair_axis/results/absfollow_pairL5_11_pairaxis_icae.json	11451	ce5b069d4055e4dd48e288018b9d476f1a1467e98850ecb7b73d231f401305bd
results	data/pair_axis/results/absfollow_pairL5_11_pairaxis_p1.json	35275	faae19cd84e613a7829a256be368a16f4ced7343b1d2ce167b4597a00a15266b
results	data/pair_axis/results/absfollow_pairL5_11_pairaxis_p1_icae.json	10204	6a8c35eaae441e1cd7a4a6978b8fb1243efc7a7e2752d24d669bed589864659e
results	data/pair_axis/results/absfollow_pairL5_11_pairaxis_p2.json	33500	0213781ef6d9c75d3c4a4b4db0fc1ba6e15962a51405c15cc8ac0734df9adb53
results	data/pair_axis/results/absfollow_pairL5_11_pairaxis_p2_icae.json	8919	5dba530771836ccb710f063c3d5e8a2ee1dac236f8dac948ebaef40295c4fe51
results	data/pair_axis/results/absfollow_pairL5_11_pairaxis_p3.json	33907	818399716cc1450e2fee6c5bb9a9347997766d81040cf2b5d35fa2ef48eb9c4e
results	data/pair_axis/results/absfollow_pairL5_11_pairaxis_p3_icae.json	9028	c7aca03b668bac50bd1b76030c9cb25bcec06dd95cae47a3890e2b3ea8248c04
results	data/pair_axis/results/absfollow_pairL5_12_pairaxis.json	37402	df0d610881edf6bbbfb11c309a847e7430de6f0a5c4481e9b445de43699d5a60
results	data/pair_axis/results/absfollow_pairL5_12_pairaxis_icae.json	10746	9cf81bb8443eab05dabb2a896085b76d42a26160bdfb0911776c3d90806271a7
results	data/pair_axis/results/absfollow_pairL5_12_pairaxis_p1.json	35565	27217ba5918b62f69508b4da5ae76141b3c80a35efd7a1b4eaa258bd503b2ae9
results	data/pair_axis/results/absfollow_pairL5_12_pairaxis_p1_icae.json	9190	bced12f0e117261c50d99afcdf65b52192f11982956776f0b725fa1b56d6ce12
results	data/pair_axis/results/absfollow_pairL5_12_pairaxis_p2.json	34707	a305a7d22b537a5d9ef9c13d854bfbd19111a642e8ad74098bf2c8e2e2fdc75a
results	data/pair_axis/results/absfollow_pairL5_12_pairaxis_p2_icae.json	7897	9df2e0fbf71296e6aebb67420a62034c8d462eabc1b1ff34a2a4779d15d5919b
results	data/pair_axis/results/absfollow_pairL5_12_pairaxis_p3.json	34716	7be9219ebda160c4679025aab7ec65ba539b0daa44203e16a4c8f9e6766506ea
results	data/pair_axis/results/absfollow_pairL5_12_pairaxis_p3_icae.json	9062	784888a60c6f95bf5910b66c7bf3b289679828916a3cd82722f89ef6b273609c
results	data/pair_axis/results/absfollow_pairL5_13_pairaxis.json	37491	f8ec46ded02d6042e0e07e0c9182802e8a592db6a972b2e38259bdd616d455c2
results	data/pair_axis/results/absfollow_pairL5_13_pairaxis_icae.json	10183	a8dc209d5e384ace56835faf5dbf6ca4d57de40c8dab13e6d3606f86f87d8c0b
results	data/pair_axis/results/absfollow_pairL5_13_pairaxis_p1.json	34442	cd0f9dba925972623a9fbf49877a90b97d96421eb2ecb460295dc394371a50a9
results	data/pair_axis/results/absfollow_pairL5_13_pairaxis_p1_icae.json	9481	85afa8c2068799f5d2d8b010d026e934e4b0571e39bf83c7d1c6aa3132526379
results	data/pair_axis/results/absfollow_pairL5_13_pairaxis_p2.json	34091	593dbb12edfc1b9e66dd115ef535ab431d6502d1813c1d05acd34c154782c46b
results	data/pair_axis/results/absfollow_pairL5_13_pairaxis_p2_icae.json	8276	d55c54b42ce73a970509edb56f3851d99ac9c7fbb7d78bd466182a9389c15982
results	data/pair_axis/results/absfollow_pairL5_13_pairaxis_p3.json	34327	83a6332beeefdd76f04f2a8b07a9c0d10fbae6bc8379243f42527664bc2a08c4
results	data/pair_axis/results/absfollow_pairL5_13_pairaxis_p3_icae.json	7997	0c08166644fd448be8ddd3b502718756be4c4e28e97c1cc383cea208425da6ab
results	data/pair_axis/results/absfollow_pairL5_14_pairaxis.json	36459	622696c138439c9388571769d6558c3e128a36b8e3f8053a483b3983bc5017b0
results	data/pair_axis/results/absfollow_pairL5_14_pairaxis_icae.json	10658	05a92f32326880110187d2480b56e53b0930733fc33f8db6f0d5cd4508b533da
results	data/pair_axis/results/absfollow_pairL5_14_pairaxis_p1.json	33951	c01206cb6cfe36399535bbadc98590bf15b0a88e3b04ddcac915f2c34ff9e2e9
results	data/pair_axis/results/absfollow_pairL5_14_pairaxis_p1_icae.json	9294	7276b0689cb8581b3019902c2bcea42ba8cc874a8e5937bf6297f133e4f45ec6
results	data/pair_axis/results/absfollow_pairL5_14_pairaxis_p2.json	33254	e3f8f274f373537eb9045f6f005b45670cfb0231d866718d4db4ffe1fff977df
results	data/pair_axis/results/absfollow_pairL5_14_pairaxis_p2_icae.json	8392	15fcce3735f686f6daa545a9ccd9539d690e6f93f0f94fffe9f0fc584947cae4
results	data/pair_axis/results/absfollow_pairL5_14_pairaxis_p3.json	35050	e4904381c14160df3b903b14f0433f2b65eb151ae09e8224081ee7bea379cf13
results	data/pair_axis/results/absfollow_pairL5_14_pairaxis_p3_icae.json	8270	71253c30d24337011014fc5322b3685c584caa38b90783961ccb93e86cbbb245
results	data/pair_axis/results/absfollow_pairL5_15_pairaxis.json	37929	20f31d7fd6eff135cdb83bad3a99015df35b167003e458cf2f11516cfb21f164
results	data/pair_axis/results/absfollow_pairL5_15_pairaxis_icae.json	11048	1ad4f62414474300acde795984e2caf7ab8b0ae43e80a2ab97248f3fe616c2e3
results	data/pair_axis/results/absfollow_pairL5_15_pairaxis_p1.json	34946	06c62176010e987c1a6d0361d65b44db0fbcc8f6b883d89425dbf8f16cf3220c
results	data/pair_axis/results/absfollow_pairL5_15_pairaxis_p1_icae.json	9057	b65554901352078d1cd4fc7c5173f8c541b2eca4aedf258b6b2a210116b41726
results	data/pair_axis/results/absfollow_pairL5_15_pairaxis_p2.json	34247	60c0e568ec455dae5f8244cf5d51bc710de1182d62e0001b5a050845ead0049a
results	data/pair_axis/results/absfollow_pairL5_15_pairaxis_p2_icae.json	8423	e35b516cf194070f4b199595b721bb233e288cdecdbbb254fd474d33f451d509
results	data/pair_axis/results/absfollow_pairL5_15_pairaxis_p3.json	35573	38fa104d82bb7509064e145c40195ca9d9cbb0c6e22e57d9e202b4e9fda1846c
results	data/pair_axis/results/absfollow_pairL5_15_pairaxis_p3_icae.json	8978	e99dfa29d836269d96c6a26db73fcfee4d4bfa5491da235fa512a52ca587b96e
results	data/pair_axis/results/absfollow_pairL5_16_pairaxis.json	38800	a2e63f958bb58d6e79cb9b537a215f0e4da471cf1bb7373b9a19a378f087a2af
results	data/pair_axis/results/absfollow_pairL5_16_pairaxis_icae.json	11296	cab09acd1827131612558db5bbbf02a5ecb666ebb577205abccac2de1d7e8207
results	data/pair_axis/results/absfollow_pairL5_16_pairaxis_p1.json	36151	599e6acd548cd39b3d83331089baec0000df613b5f2ac1a4fc3f648a8fc1940c
results	data/pair_axis/results/absfollow_pairL5_16_pairaxis_p1_icae.json	10119	be7fe30ff9f498c18f367c4b7a08b07d56d0cacb53605d481548ab408a53a3d0
results	data/pair_axis/results/absfollow_pairL5_16_pairaxis_p2.json	36098	7b893912f5074a6b484fde85e43ac45c920a009bde50ff57ac926edbcfaed82a
results	data/pair_axis/results/absfollow_pairL5_16_pairaxis_p2_icae.json	8817	b685bad77550fb86dea3a302584fa1def1390f5bcbaa7812d3c53a310b14e92f
results	data/pair_axis/results/absfollow_pairL5_16_pairaxis_p3.json	37443	f2918d590c17954622b757c31690d1c979f651f58db8c90f77a0ec34c6667c99
results	data/pair_axis/results/absfollow_pairL5_16_pairaxis_p3_icae.json	8925	f662c503652a29214042285c4b1587bd1511f97de8835e50a7f82ad2b71715b6
results	data/pair_axis/results/absfollow_pairL5_17_pairaxis.json	38922	9fc3488eb23c49f0a6683c80c1e8978359131afed5d07163f5ade54143a92f02
results	data/pair_axis/results/absfollow_pairL5_17_pairaxis_icae.json	12339	764b37fb360ed82ebdcd36451057fb7dc1cd9748a617bcb48427ffcf75861ac8
results	data/pair_axis/results/absfollow_pairL5_17_pairaxis_p1.json	36603	5a2f616b2668ff1533f52071441aaf177dacb1fc584bdd6e3a6fd4db4dc62c79
results	data/pair_axis/results/absfollow_pairL5_17_pairaxis_p1_icae.json	11099	1b0262a12545f4f232a136fe4ca02c0cd985e43f2c80ac2f19661da5e4921ecb
results	data/pair_axis/results/absfollow_pairL5_17_pairaxis_p2.json	36196	6e6be32d85c9cc8827af7fe010557f97b15fe0fea1c182ad7a557d4a1dd7e543
results	data/pair_axis/results/absfollow_pairL5_17_pairaxis_p2_icae.json	9879	5034854e1b862a09b4f47b6fa1389778513c8ac1ed40cea7d46c2c95b2aeca44
results	data/pair_axis/results/absfollow_pairL5_17_pairaxis_p3.json	36921	84c77e6adad664fc602d1a6e3c6b67bf04f282e33685273edac2a582b2754338
results	data/pair_axis/results/absfollow_pairL5_17_pairaxis_p3_icae.json	10965	1bd9531dddaf08646cecb3c5b9900d1f7838cb95797eaecce889c6509752dfbe
results	data/pair_axis/results/absfollow_pairL5_18_pairaxis.json	36914	0c9f740ff1a9d2dc42589149f31094891ac4cb7d98f1b0e863bfa17e065435c1
results	data/pair_axis/results/absfollow_pairL5_18_pairaxis_icae.json	10871	2b44eb39b913fa5e1ab4da0058837a79f05821c045ffe57b51d72a87eb42a430
results	data/pair_axis/results/absfollow_pairL5_18_pairaxis_p1.json	35336	825a70b8191b48b69a2142ad6bd8adaed556430e60a0492c3d109e1dd3cb99cc
results	data/pair_axis/results/absfollow_pairL5_18_pairaxis_p1_icae.json	9774	08f5f72787464c31cfddade592e4b0194338987840c3fe1831d3e1977dd0b154
results	data/pair_axis/results/absfollow_pairL5_18_pairaxis_p2.json	34748	230529c77f960d6188590febfd381a8222aebca100083dd4065545d65c5def76
results	data/pair_axis/results/absfollow_pairL5_18_pairaxis_p2_icae.json	8589	f484ba70afe840b7c22fb7e320c7d63e6d4ee1ff1be87fba17a88318a325d000
results	data/pair_axis/results/absfollow_pairL5_18_pairaxis_p3.json	34777	280d1344190c52918e201ef44f61efc681b016d0ab065baf262cbaf78551413b
results	data/pair_axis/results/absfollow_pairL5_18_pairaxis_p3_icae.json	8893	66aa97d5aa587f29240140f954a5314bdebc90fc0b6e344d23560126470421db
results	data/pair_axis/results/absfollow_pairL5_19_pairaxis.json	37309	415b4238952bf183d7e87d4461a2b87c95371acc912530862cd6dd5eaa9fa89d
results	data/pair_axis/results/absfollow_pairL5_19_pairaxis_icae.json	9653	a32a8dc724cb0139c2226bb145d9c5cc9f6fef2641b324aae5d1212403417f43
results	data/pair_axis/results/absfollow_pairL5_19_pairaxis_p1.json	35467	83f6872b0c6e417a510f9ef269484c9ba322f88d7c6b3727e71f401fc3962157
results	data/pair_axis/results/absfollow_pairL5_19_pairaxis_p1_icae.json	7967	a71ccca7046581c5485a8ceb0b17f96154ae98fb93ad7251545f4bea2b43e601
results	data/pair_axis/results/absfollow_pairL5_19_pairaxis_p2.json	34880	d455cca90cec0284093a59cf2b7fdebd23d5c7c2ef68ed4776455a0ec9bd122d
results	data/pair_axis/results/absfollow_pairL5_19_pairaxis_p2_icae.json	7654	c48dec0d87f06454fe2467c3bfdfc8755852ada7e3dcbb938ee87b70ff0c0a78
results	data/pair_axis/results/absfollow_pairL5_19_pairaxis_p3.json	35249	708ad180d0757a52a59cc98eede7ca23a45ec3287011b2e53e647e26f670d1f4
results	data/pair_axis/results/absfollow_pairL5_19_pairaxis_p3_icae.json	8711	fd327689b05c65e8e37b6022f948c0ca2a077105cf01de654a25aabefca1e1f3
results	data/pair_axis/results/absfollow_pairL5_20_pairaxis.json	36593	9594fb763bbce9c59832dd7d691155064a19fe8accf4862416c1176aa5c0f0f9
results	data/pair_axis/results/absfollow_pairL5_20_pairaxis_icae.json	12518	92964e568db1d67e8398ab31d28cea166574ccfb3ae6cffaed99f8e9d8456101
results	data/pair_axis/results/absfollow_pairL5_21_pairaxis.json	36752	8ed6d586282de7bd73b06f0421e3e11426a4da3c20468526199a7b493176fbf9
results	data/pair_axis/results/absfollow_pairL5_21_pairaxis_icae.json	11595	e363ce2577c8b32877ce0ed23e7be9908dcc84466e911299341db9cc15b79c95
results	data/pair_axis/results/absfollow_pairL5_22_pairaxis.json	36992	fdd06031020c480a8a961dd47865522b21aec68542024d772237336cd09eb096
results	data/pair_axis/results/absfollow_pairL5_22_pairaxis_icae.json	11108	c15f1f53fc9ac35fb17bd3fe9b76a136ab745306155be2e38d0d35db4e137558
results	data/pair_axis/results/absfollow_pairL5_23_pairaxis.json	35893	aba41b65cbf115b1e44dd35e07331b1dfede02cb1edd890682948106b4fdeb67
results	data/pair_axis/results/absfollow_pairL5_23_pairaxis_icae.json	9961	d94009a8a523543547a4ce226272e18ca613c6b54c08b85b237a01d7a63c9f0c
results	data/pair_axis/results/absfollow_pairL5_24_pairaxis.json	34837	425a2dee05e08f1d29435a5bb5eba84f435a40b6013477ab85888a81b4d01f56
results	data/pair_axis/results/absfollow_pairL5_24_pairaxis_icae.json	10907	242071aa14f51e5063c55a8868549a7ba58998a005da8239ea3caf5850aa85c2
results	data/pair_axis/results/absfollow_pairL5_25_pairaxis.json	35938	e03c4b7ed92dabc86f4360e04259a2dd29d81f2ebfb10736c1d7fa0a66f6cc99
results	data/pair_axis/results/absfollow_pairL5_25_pairaxis_icae.json	10699	0805a985f40924030cf8bc12f6ddc47f2d9d709e576e940f1cd68a3e9d6c1fbb
results	data/pair_axis/results/absfollow_pairL5_26_pairaxis.json	36831	92a44bd12314beb6a80593e36f1595bd94d1dec0cb7787b641174e1603257686
results	data/pair_axis/results/absfollow_pairL5_26_pairaxis_icae.json	10208	5a0336eb4182f3a59cbb94ac93aeafcecfdca7805d3ee8e508cb64c623b20f66
results	data/pair_axis/results/absfollow_pairL5_27_pairaxis.json	35084	ada55c0aeecc247e25e65e95d084bebe847dcdd749f0a6e8fdd43b48b81bb4fd
results	data/pair_axis/results/absfollow_pairL5_27_pairaxis_icae.json	9528	1a53aa24b642da06b48ee15bab37727fac775b1e8f774db4db781f75b9503e07
results	data/pair_axis/results/absfollow_pairL5_28_pairaxis.json	34069	cb5f5289df1587783ae6d7460342bb4ae406169bdb2d513f0dfed0fddc850c4a
results	data/pair_axis/results/absfollow_pairL5_28_pairaxis_icae.json	9125	4640ea223a7e4b9ec59a0ba8b1dc82a53247334cb364d8f15eea3a28036e9db0
results	data/pair_axis/results/absfollow_pairL5_29_pairaxis.json	36268	d9bb1dc8a3b4e3decbbbe18240ecee9ff5e8b7de0563aa9791c749f237a6fddd
results	data/pair_axis/results/absfollow_pairL5_29_pairaxis_icae.json	11186	77d3fcb68d80d56e2ca30b436105dbcf222faa4bb7f0717416c24e005e0ef9b9
results	data/pair_axis/results/absfollow_pairL5_30_pairaxis.json	36369	7549acf6063918c9e851461762dbd26531ce43d31d090da36e4cde3985a09e69
results	data/pair_axis/results/absfollow_pairL5_30_pairaxis_icae.json	11558	210405b8832a6491b935da9ee64b0a5c49bbbc509351bc071acf3eb59900d717
results	data/pair_axis/results/absfollow_pairL5_31_pairaxis.json	35376	ba58bf9527a5f7ec91a465401359b274cf8f534ff0f235d75b24d3f19792644a
results	data/pair_axis/results/absfollow_pairL5_31_pairaxis_icae.json	10094	84d20b0078e1365c8820e5492c91e32ac54982bd68ccd5d9429f146fd8824fef
results	data/pair_axis/results/absfollow_pairL5_32_pairaxis.json	36352	d54dd812d62ccb7eb152cd78f5a2e85bdf493b129810159ce59df9a3b2eacc81
results	data/pair_axis/results/absfollow_pairL5_32_pairaxis_icae.json	11388	a81dbe6bb89538053cbf788f28a3139a1186aa856d020ae1029a0f9e39a1f587
results	data/pair_axis/results/absfollow_pairL5_33_pairaxis.json	37361	562aec45c525b8c355c9656510d641e70959f32742ce3ffd775168446e9e9b4b
results	data/pair_axis/results/absfollow_pairL5_33_pairaxis_icae.json	10803	c4e41478b60465d0a6712cec4a05af7bd5e928720c6ffcd28b0a97efbb7a9cc3
results	data/pair_axis/results/absfollow_pairL5_34_pairaxis.json	36296	77a4ee2682be586a5367f42cfcc8d039d680d41ed798d530cef53c1edf67385b
results	data/pair_axis/results/absfollow_pairL5_34_pairaxis_icae.json	10685	0401dba4f7b3866f2f6d9b63924d168ef7b8f8a59e123df9ed815d23a52d8b1d
results	data/pair_axis/results/absfollow_pairL5_35_pairaxis.json	36661	e6b437c72d5dbb73292bf71aab27cfbf90e46eafeea9cdbf050ffa9782c73644
results	data/pair_axis/results/absfollow_pairL5_35_pairaxis_icae.json	10553	c181c2241881d2ee28ac9c94b6fb9b79838753df5ee432cfb3b2d1e64906bcb8
results	data/pair_axis/results/absfollow_pairL5_36_pairaxis.json	37428	c588cd953b4740fcb6ce68de4c7d2ae391f9f2d4ccb438cea4bc871d3a269485
results	data/pair_axis/results/absfollow_pairL5_36_pairaxis_icae.json	10034	74a562533514c71a5b0f50e941241b6795fef3c6a09650ce80bdfece74b3f979
results	data/pair_axis/results/absfollow_pairL5_37_pairaxis.json	37294	99375f5d9c193ef65420185642078f8d0d66c6cffe6bd2c20840f40b5997de83
results	data/pair_axis/results/absfollow_pairL5_37_pairaxis_icae.json	11498	df6fd04c34238a37eb083e68d1a5add5fafea674d4de07cd0f708d0eac70975a
results	data/pair_axis/results/absfollow_pairL5_38_pairaxis.json	36288	f6e1ee45eca6d2e70d10a6ee07c41e9830c13be03717fb2a26c5f1cf597935fb
results	data/pair_axis/results/absfollow_pairL5_38_pairaxis_icae.json	9350	60df2dae1762c2c33aefb7f44edb3eef7a1d50632d9c26aa1753bcef4688b7aa
results	data/pair_axis/results/absfollow_pairL5_39_pairaxis.json	36686	f033c78ad3fc6eca03d39a6cbdc8d73a862fd004b3318e1d8b21fb9cf35ff42b
results	data/pair_axis/results/absfollow_pairL5_39_pairaxis_icae.json	10311	958be11fb9f2c1bbb2b5fdd0c231a265d2baacaf3ffa9945d116e08f42d5be0f
results	data/pair_axis/results/absfollow_pairL5_40_pairaxis.json	36626	f481dc82b1cf86ee885ad4fb43677a395ecc2438e3d9e66194ce47435f4a1b48
results	data/pair_axis/results/absfollow_pairL5_40_pairaxis_icae.json	10358	8643c73cde1ad30cb1422cdfbdd20b9fff6cab386429a2d75554e1d0f4bbb8dc
results	data/pair_axis/results/absfollow_pairL5_41_pairaxis.json	37370	e1419aadbb05f4196a5c9136caea48c7a0faacd83c45b147d71b2bc278efa02f
results	data/pair_axis/results/absfollow_pairL5_41_pairaxis_icae.json	10908	1d77e68beab6a1f4d57768b6685e376d2d6b441c65fb75eef81c096c07bc954c
results	data/pair_axis/results/absfollow_pairL5_42_pairaxis.json	36720	979743203ac0b0cb81111c3688074f7c5c6eeb0b56af6b2de0912e3614b9ac5d
results	data/pair_axis/results/absfollow_pairL5_42_pairaxis_icae.json	11370	5a91a3016dd89ec4a184e095d92f4c7315d1e19be8d6bdca6e900fb182f2a494
results	data/pair_axis/results/absfollow_pairL5_43_pairaxis.json	35261	42f8337f05a4baf227a285e9008c2570c182c5c8c401810c82a1de5e99ab8ac7
results	data/pair_axis/results/absfollow_pairL5_43_pairaxis_icae.json	11029	e876569b17fb4b4a41ead41fdf668cc2fd48aa7616abe211b69288e26d859a2b
results	data/pair_axis/results/absfollow_pairL5_44_pairaxis.json	37201	b0f3b8ad348be3cf3cf9305dd60f4a2403850f937e05d2119368c67a780761b2
results	data/pair_axis/results/absfollow_pairL5_44_pairaxis_icae.json	11365	6266c35fba2ddbf085e465426ac3a4fb22e79ba4f275ef71567c6c05f9a4f789
results	data/pair_axis/results/absfollow_pairL5_45_pairaxis.json	37907	1d24e1f020e2c32c75afeac455fd542a5fe61e9b0d016596ac71c1a7a5a4ab20
results	data/pair_axis/results/absfollow_pairL5_45_pairaxis_icae.json	10823	64564e000add38d0558b433408c70f1a5002ee0496317e6daa4a6f7d2a29db87
results	data/pair_axis/results/absfollow_pairL5_46_pairaxis.json	37176	a80d560ac404b2f4a2a8e58c78de94f488e9d3a974a033b5622bde1dc7d89c57
results	data/pair_axis/results/absfollow_pairL5_46_pairaxis_icae.json	11777	f9e3577fd6179cae661a07dfe6534431b139defb40c9d4cc373d2cc85ef75b5d
results	data/pair_axis/results/absfollow_pairL5_47_pairaxis.json	38609	38862180cdc4360bf73c0d3e100e2e2d7cc8c3a27bbff25dbe6322b3671347ea
results	data/pair_axis/results/absfollow_pairL5_47_pairaxis_icae.json	12086	5010eb79ad23a7193cd51d250b6345e447a30f07071c6eb4c1205d90916081aa
results	data/pair_axis/results/absfollow_pairL5_48_pairaxis.json	35872	214f6dde4e8227bc49be04d44c241ac1b8e20974e755c34a8a430173cabeb96e
results	data/pair_axis/results/absfollow_pairL5_48_pairaxis_icae.json	10705	af5e0b4db0adb4dcda905ffe66bd1c62ac3784ab15c1063a20e8fd55fb403af1
results	data/pair_axis/results/absfollow_pairL5_49_pairaxis.json	37306	205da80178214b3a068883df51139ab69998d159f90638c725c386ff0dc8853b
results	data/pair_axis/results/absfollow_pairL5_49_pairaxis_icae.json	12107	987e2c7aadebab52e647bea31d39f33e120f800455a5e27969b9bb1685ae3fd4
results	data/pair_axis/results/colorband_pairCSML_00_pairaxis.json	10240	a834a67f9dbffc87bd15152533212784ee690b1d2069472fce5cea663c7e3219
results	data/pair_axis/results/pair_axis_copyrate_pairaxis_L1.json	58094	e26828b3caccb0ac624f3bd33e8863b1b514f705077cadb6195faf53415282b8
results	data/pair_axis/results/pair_axis_copyrate_pairaxis_L5.json	58062	ab485853c12458e4c58afe41458c11e416582da0f647b37cc5906faee28a9b39
results	data/pair_axis/results/pair_axis_metrics_pairaxis.json	306342	9bb22e9f96cb444a99a6fed33b9e1f2d02d983f63c1897d62f8c9543c663e6f9
results	data/pair_axis/results/pair_axis_t2l_e1_pairaxis.json	91681	b346a679141346a336cfebcb7b2934aea7f94eacadb9d4c3aac27a24b1460e84
results	data/reference/collab_per_window.tex	1094	7e548122d851bcf05f66829dcd098f3ae87ce4874fdec02c61f8d18c0fcf617c
results	data/reference/encoder_matrix.tex	900	f982633a6b98b452e096839e728f617c6870897c8bf9722b823ef36dea57bf3e
results	data/reference/hierarchy_rows.tex	6143	d9e540f3ac77977a9b83a7b93ae1c8d9598d5dbcae86bee0903af4fe310888c4
results	data/reference/incoherent_control.tex	335	9395515b66c2f00a452c3be5e2982f044e5c7685ec066c07d70b54cfbf8795c2
results	data/reference/mixing_decode.tex	4048	e5f68158d37a8c7a99d70ea2e7363f930194af4b6f9dfa3d72ac6ef3649fdd6c
results	data/reference/prompt_sensitivity.tex	511	93d3cc94b08c1f8eb3a2f5b1f6a1c2c29ceed8b2aeeb1bae82d1f71c9e146c33
results	data/reference/similarity_benchmarks.tex	3457	a9db158192bedebe8334d7e705ca12ce7d8b3dc69f6dc58bca912c978c2c4ae6
results	data/reference/symmetric_adapter_summary.tex	649	9806395886e8c0dc275f7a36a39110631e83879147d8b5b5d746beec77e55992
results	data/reference/symmetric_raw_scores.tex	620	2ba7414d393a12f2fecc1bd67addc2e0002a8fe4402d9c8573d079d53ef1acf2
results	data/s2and/proc/arnetminer/sig_table.parquet	131844	c77c42c54204b4f81d89dc8f709b7ae4d1a22ec3cac0a4dd968544bdd94ce56e
results	data/s2and/proc/kisti/sig_table.parquet	713311	315d9d76e9d7c9118641502d9873d20e721e71454d45f288e75a264009646f60
results	data/s2and/proc/pubmed/sig_table.parquet	51740	728bc31724bfe2b3e5566174159f4ce8e9c05cbfcb5be0d29116587004de608a
results	data/s2and/proc/qian/sig_table.parquet	122092	100c181791a8e16ca2ff87be28cb245dbe942bbd0e9489efe15e608fed129aee
results	data/s2and/proc/zbmath/sig_table.parquet	300910	62571638317122c3ed6a71ee12ec8c281d30cffe1b1d7f7cf83f0fd85d6b501f
results	data/s2and/results_arnetminer.csv	179	717e8801e37bbd2642ed0d99e4c24929edc7003a38a10f05debbb34f436c02f7
results	data/s2and/results_arnetminer_gemma.csv	284	53b33bc6fe6cb6e635972cb7a23dc73b4beff7b1b6b62e57063708609bbedb9f
results	data/s2and/results_arnetminer_gemma_general.csv	320	1c2326321c8c7ee9f6154d07ab68a8b9adc868bdb7dccdd038997459e8188e0f
results	data/s2and/results_arnetminer_mistral.csv	284	73336be791b69c36ae8c111eab9351cba4461c8b1b9dd44c62ce56fcad90dd1a
results	data/s2and/results_arnetminer_mistral_general.csv	320	107807d6cc8cd9b5fecf3151756b303bcd185fe1aabef9e91b8032320263b3fa
results	data/s2and/results_arnetminer_mistral_mbench.csv	399	1eac8353653c640c6d506b44bb5849de04e81c0764180cc1b5774b6a1f816476
results	data/s2and/results_arnetminer_qwen.csv	284	96cf87b3fa2745e987d903b212a3b38a0a1e6d6ec057c5d58a177bb38856d356
results	data/s2and/results_arnetminer_qwen_general.csv	319	643c5df1210ca66e9f92ce3d9944350756d9f7d4f7ad834a0a457f12c910353d
results	data/s2and/results_kisti_gemma.csv	287	9c9ff8a2f13c37dddee45f5879f6ad0ebe7f1b1e80587fde85bf30a70c831e88
results	data/s2and/results_kisti_gemma_general.csv	322	d09d6802944314aab52c0dd61e65fcca5660f9f9267e419a54b6a2ac77be7606
results	data/s2and/results_kisti_mistral.csv	287	f5db003319ea2634e1ae1d62089f7c55e9afa4d316c3f4c2174449e38c03c181
results	data/s2and/results_kisti_mistral_general.csv	323	9d725325395ce3ce67ce08db9cb791c36aef0607286579f8959de94b4eb8bbd0
results	data/s2and/results_kisti_mistral_mbench.csv	402	214df88023f50f3ecab55ea2e4b02fc138bfc14008355eea8fbf8993a077bc7e
results	data/s2and/results_kisti_qwen.csv	284	999447bc90fa6bc76ddce13aef9db56344e896faa0ed85bd08d571f7623d5ca7
results	data/s2and/results_kisti_qwen_general.csv	319	5c0620bb395f20df35b1e98f41321c0a92c5702eb9c6159060fb8c1132e85b23
results	data/s2and/results_pubmed_gemma.csv	282	bb1cfcb27651ce1ae6111e7fca62c0c86c3adb17eb132a8733176c9e12fba829
results	data/s2and/results_pubmed_gemma_general.csv	317	0ba5865c6a7f9b8938f5cedcb421e835ac29177f6a88418d6429ee5cf87b2a9e
results	data/s2and/results_pubmed_mistral.csv	284	73f157545b894b726063ebec24f0433bdc8b659bb6aff63def7d8cc0694f7036
results	data/s2and/results_pubmed_mistral_general.csv	317	7f06c1483c98efe69322d6546a7bcb568a8315d21e4ba71ed609cd50cfb61013
results	data/s2and/results_pubmed_mistral_mbench.csv	397	3e8bdb5c5346f445ccbcc2cabf3582966237e95b41cf42d35f4e587b06a4d650
results	data/s2and/results_pubmed_qwen.csv	284	c00ccc7f22894cc1fe880489089ffbd7d815b0680438d96bd4ab5732e40a6d83
results	data/s2and/results_pubmed_qwen_general.csv	320	fbee66c944f5fa4c56907b5bec15ef72f31d6d43c70a8631c0bc6876fdd571f1
results	data/s2and/results_qian.csv	177	fdaa18eeb86ec39d09ba13174162386a5ba983b69525fa28b363a3dfaa07492c
results	data/s2and/results_qian_gemma.csv	282	0e341e72ca6848639df60b84f9bb2fd4880de1f159bd7f0cafdf290cea38bfff
results	data/s2and/results_qian_gemma_general.csv	317	775f3c3f850818c70a5f4e50d3c63a6617a656a7c6be1f10963e68277796f867
results	data/s2and/results_qian_mistral.csv	285	b20cb3c5d21a3a5277359901d83074802fa0b4c2af6e77ff3370fc1cccb7926d
results	data/s2and/results_qian_mistral_general.csv	320	af9c66206f04093972a33fd346440b56ebec3f2eac735c2b0efd705da6ba4c95
results	data/s2and/results_qian_mistral_mbench.csv	399	6b18d79314b59809f460c8dd150b66502b2f9a96d494b913838ee6a67c6aefb2
results	data/s2and/results_qian_qwen.csv	284	35c3d5000069985531e3b897ccd89e21eb027afde2bc07b832e7a30379d2d7e8
results	data/s2and/results_qian_qwen_general.csv	318	73f194eebebcaf35959a6a5d7bebb8e1b01d4d6d1f6f72417eb53fe57b1bbd2e
results	data/s2and/results_zbmath.csv	179	b6e6b74b1c0af6d8d1f15bb0d7de7541c75c00ef8189dc250694bb458b63a746
results	data/s2and/results_zbmath_gemma.csv	284	a670d0ff1d7bb64bf592d0fe80a42392a41c36adb2b7f588175b0163f9a21be2
results	data/s2and/results_zbmath_gemma_general.csv	320	1bf5447137d32c0cfd04a707aa984a048d7bb006d6d09f8812f6c3ec0a90f3be
results	data/s2and/results_zbmath_mistral.csv	283	ec7a92f44fb002f552611a33fde8854bd2b66e92422aecb889346523c2cef90c
results	data/s2and/results_zbmath_mistral_general.csv	319	70c59801d8d30688d33fe541310e949c621f0e8f3301bceb1653b0914686e597
results	data/s2and/results_zbmath_mistral_mbench.csv	399	9644c67f755536836c86d6c704a7bb3739cbad44c6843b92516d6c71151ecffc
results	data/s2and/results_zbmath_qwen.csv	283	d71bb1330f584639c4ceb1f0533b79a067129a7e24dcc995c62d6c13a751aedd
results	data/s2and/results_zbmath_qwen_general.csv	318	585c115aa16e617efd2e7a207ad1f93b6d0ff74971d3b182c04a6968119a6ec0
results	data/t2l/results/midpoints_t2l_e0.json	524187	29c0b2bb1f8a5397624891f3efe957f1a5c242ed43bfcad7475a92cd189c0131
results	data/t2l/results/midpoints_t2l_e1.json	515693	620ed27cfae6216eaa06602580fd586d7602502877f48646270a8f89e2d314ae
results	data/t2l/results/midpoints_t2l_e2.json	520779	5193cb2fa939474241d21bfaa04bd3fb77a8c470d18d51bb16225a27319c16e2
results	data/uncertainty/pools/collab_aps_gemma.parquet	1554452	410a264fa70645867c0b4dfc388cb8747b40cddb8404d8c9bb47511364522558
results	data/uncertainty/pools/collab_aps_mistral.parquet	1736951	8f07a83ae5a437202b637ef848899d75dc96139bdf0e1e4aa0ffad658da70ded
results	data/uncertainty/pools/collab_aps_qwen.parquet	1555421	f96692e8894873b8db1dfd2c8364910f8be5514f24bb079b2d1bed21209f5ef5
results	data/uncertainty/pools/collab_economics_gemma.parquet	3294234	e768d87260f9d01b38aff8a2d83c2da2e85454406eededa94a9853e2115641fe
results	data/uncertainty/pools/collab_economics_mistral.parquet	3293766	e6dcd42af1cd4373c7443d0a3c3eb0f1e5d7a55e5d72138d2b2f273aba6e42ff
results	data/uncertainty/pools/collab_economics_qwen.parquet	3293890	cb1f31246de40668b64108b6b95124e25bab97eb12b24972548e2514108f691a
results	data/uncertainty/pools/collab_psychology_gemma.parquet	3490922	2607074576097c6c29e29ce43adf0ca9f44362df67ab8a43c45f2fad908d1f32
results	data/uncertainty/pools/collab_psychology_mistral.parquet	3490518	01d28802eb8bf7d98ed08efbbc3ba7534b5eebf8728dc46273ff84769a3039f4
results	data/uncertainty/pools/collab_psychology_qwen.parquet	3490710	aebdbba28bce673aa6af54a91e58441cd168138c6dd75afe9effa0d5ab70a4e9
results	data/uncertainty/pools/np_aps_gemma.parquet	13802302	1e02628909c3b41f3ad781007d3cb78b39f3937f7754213ae0045365404568f8
results	data/uncertainty/pools/np_aps_mistral.parquet	15678373	d45a4662113c231fe1d5b21a4c3fab348e4d936b24ad963ed5c538a0eebd8109
results	data/uncertainty/pools/np_aps_qwen.parquet	13803189	b579e1e69145bd7a2eadde6409d0ebbda7e17f2f1e16b0aa6e693013faa2805b
results	data/uncertainty/pools/np_economics_gemma.parquet	15823041	791dc5297992bdfe138b225a6e1cb391387ae5792a20d7079775d344555c94fb
results	data/uncertainty/pools/np_economics_mistral.parquet	15796951	2922a348d19c4be8ba89bdd34f2a4509b49f3987f2dd3ccb70fe14c7c385536f
results	data/uncertainty/pools/np_economics_qwen.parquet	15822471	c2932aec76d6c0a88616357b1ef9a8f5bcb3ff82edc72f37b773b58b825f92f5
results	data/uncertainty/pools/np_psychology_gemma.parquet	16044296	02f35a6c9b89c9aea79eeabb8bc5ed51c7340c41730ef41868eb1edee7746de9
results	data/uncertainty/pools/np_psychology_mistral.parquet	16020336	13ac8df5d9d1cdf6dbc9f52a8f31282a7d0000a4b015a36bcfe4af02e162adef
results	data/uncertainty/pools/np_psychology_qwen.parquet	16044809	a94e60cc1fe881f4fe125cd88007cc7fbb5510a65a4395c32943c1fa3392e613
results	data/uncertainty/pools/s2and_arnetminer_gemma.parquet	133993	916d670b19eeaf942df6c3556374d94839476edd6f1f748c32804187ae7d5fe4
results	data/uncertainty/pools/s2and_arnetminer_mistral.parquet	134515	ae718aa183b3bfaa8089d73381322c549814bff39b89f58e74ad483b6fe362b8
results	data/uncertainty/pools/s2and_arnetminer_qwen.parquet	135440	2a18a5b02526bbd9d9505165051da4534d33294242f8de7b7083e9924a7fd0a3
results	data/uncertainty/pools/s2and_kisti_gemma.parquet	784506	8dcf10b6270fcd01a829126c0be61a2ec24a12960b42bbdd6d19e3ec708507cf
results	data/uncertainty/pools/s2and_kisti_mistral.parquet	779001	c4dc8cf79d85b1a22483f1d931db5f5ac676156192c8d5f39a6f4af993d05a1e
results	data/uncertainty/pools/s2and_kisti_qwen.parquet	785487	e6184fa06ab443dff2489be3f56d0a83ff7061e5fca0fab9112265c0116b90d0
results	data/uncertainty/pools/s2and_pubmed_gemma.parquet	31263	1c6dfb8812bfcabcb4163a86c79fe77acfc1766f39002ba451f52cd2bdc759b0
results	data/uncertainty/pools/s2and_pubmed_mistral.parquet	30989	3430909c50c825d188e59dcb88386c8f11dc07390c86fdce9c49943f23a6cbc5
results	data/uncertainty/pools/s2and_pubmed_qwen.parquet	30432	951fee9b0955ca6d95d200ad09dbb7b72d0a528e7d33193e35cd75b8afe0d2c6
results	data/uncertainty/pools/s2and_qian_gemma.parquet	63035	34d4df959947cb426e93c83e339159750b2ce8110730acae8ef154e8590ac459
results	data/uncertainty/pools/s2and_qian_mistral.parquet	63382	5f7f7755fd937c9bd47deaaca63ba82ce4a27dd5b94c1d74e83db03b24ddc8c9
results	data/uncertainty/pools/s2and_qian_qwen.parquet	65137	7d90805e7ece3f5786489eff66ba86fbe2c071dd6aee80328220a733c3910f7c
results	data/uncertainty/pools/s2and_zbmath_gemma.parquet	251595	fe6d76d0fec8a56971ca69014ec11dd2cf68e06d11fc2ef71d6f57bbd61b57d8
results	data/uncertainty/pools/s2and_zbmath_mistral.parquet	257901	9c0b81d85163d8d8b2d7afaaea67f801a6258d2111d4a2593dba06b6295ffa88
results	data/uncertainty/pools/s2and_zbmath_qwen.parquet	261241	104d04b972c0a579b0f8bd181edbd8bbf9a1127565f9532bf0c871467d80b348
results	data/uncertainty/pools/topic_aps_gemma.parquet	126675	b45013f614466b41c8d1fddc0d9c6231cfce98ff80d0eb37971c58c1028dff41
results	data/uncertainty/pools/topic_aps_mistral.parquet	130372	8453fc5fabd847c78b75d12ce10c5247b143091732a10b0073ecb955cffe5e2e
results	data/uncertainty/pools/topic_aps_qwen.parquet	125166	3dec956b6d09178c57e67510b42a2bc5b11f6ca4d0378c987dad898dec3ab5eb
results	data/uncertainty/pools/topic_economics_gemma.parquet	153517	61a6fbc611d23e359a65247700436c6a2db863c47f40f3709917a85bcfa38d25
results	data/uncertainty/pools/topic_economics_mistral.parquet	153342	e6570015bb0c6625792ab386a459a6661b21bcde15ca78cbdf3ab6f1a82e6310
results	data/uncertainty/pools/topic_economics_qwen.parquet	153378	56a1c93b126519067293c0f933e0d7e2cba05a1d68128efb08cdd88de56e145b
results	data/uncertainty/pools/topic_psychology_gemma.parquet	151035	a163d099ead5498af6d44c98074def80c1b8b56f03445d1fad30302ac21fc697
results	data/uncertainty/pools/topic_psychology_mistral.parquet	151289	d7faa31963346fe22658e3151a790a7c328656360f2adad7a5b5aebaa7839452
results	data/uncertainty/pools/topic_psychology_qwen.parquet	151157	11c2d781f31aa5803bba12e50737f135321a73f026f7e0d3c46fa03816ae6a30
s2and	data/s2and/proc/arnetminer/genes_gemma.npz	188406744	bf701be5b087a89316ac0156f471e7c8ca0f72a5f8faddfb3f6ccff9b83be4d6
s2and	data/s2and/proc/arnetminer/genes_gemma_genkron.npz	188406744	8b9b62625fb938ae613a93675a516d6cc55e2fa9002db55e6a4923070213639b
s2and	data/s2and/proc/arnetminer/genes_mistral.npz	231826392	653c0e2cc19eb105a3da5b4de479cbfd13e81f2ed0b9d60fe858e1f0359ad919
s2and	data/s2and/proc/arnetminer/genes_mistral_genkron.npz	231826392	945f82f88c3373d42dc746107a0720ebd03dd8e2ffc517e9866cf1a6ec3a2b3e
s2and	data/s2and/proc/arnetminer/genes_qwen.npz	260772824	973b0cabb8af55e7d79bdb587550757647c11daa1dcd2e72df7a18567269b3f0
s2and	data/s2and/proc/arnetminer/genes_qwen_genkron.npz	260772824	b1e304bd42a80842cb7e5568672b45ae56b6485b45d1814046dc642712b5b94d
s2and	data/s2and/proc/arnetminer/instructor.npz	21964748	22dab1dfb009687d1114a5d4d123092efc3e1efaea2528d9c4b240cacad7b812
s2and	data/s2and/proc/arnetminer/paper_text.parquet	3514150	32bf78a491e042a36f38695ac50440f7796ef4ef60ae8aeb30b4ba81cc0dab78
s2and	data/s2and/proc/arnetminer/sbert.npz	21964748	39ea8bdb13f3f3da96962960f7c31ecda7b19f7c1115e3c00066f2caad256894
s2and	data/s2and/proc/arnetminer/specter.npz	21964748	a5ac3794032f46e6674fe4c9c5d72b34e8a2a023d00af1ba1865b96e0914c99c
s2and	data/s2and/proc/kisti/genes_gemma.npz	971677544	4661d7af9739f6846e1e24c3013940ff0402523249a49a3b36e6fa3c687111ee
s2and	data/s2and/proc/kisti/genes_gemma_genkron.npz	971677544	e8a0b2ac092e93b0ee50a4f5075136dbc2b3858ac7cffe3a6c48bf8412882d3a
s2and	data/s2and/proc/kisti/genes_mistral.npz	1195607912	62b222a34ce96cdd626c50f94ce857f0c81c762b954dbd889634c1f78e27ec33
s2and	data/s2and/proc/kisti/genes_mistral_genkron.npz	1195607912	6b13b0d3e2b2c935518f209bc0eddf48dbce745b293d7742e5ff6c389ed81db2
s2and	data/s2and/proc/kisti/genes_qwen.npz	1344894824	67fc9213b64b83ca41efc680b6fcf99d87472c4582934d049f353fc67cf19f64
s2and	data/s2and/proc/kisti/genes_qwen_genkron.npz	1344894824	969d434a7ea52572e1c9795356609bc830dbc4217f35259bd8ae974e9ef0ae69
s2and	data/s2and/proc/kisti/instructor.npz	113277788	39470179b1777e4290f3cb8251c9994b1f6b009d8db78d6700c1ef0f8272139a
s2and	data/s2and/proc/kisti/paper_text.parquet	19320705	c355d62a2eb51802455a4121beab2010cd9dbbbd0f83db845a09c021b01132f5
s2and	data/s2and/proc/kisti/sbert.npz	113277788	eade04e54839e1b9fab6ffdd9f5ed93ef25a9d0fa32cacca681bf9346958fb05
s2and	data/s2and/proc/kisti/specter.npz	113277788	37940fcfe7d10a17ac3645996aab231f5fd6609021d304a87e5044c6db8566dd
s2and	data/s2and/proc/pubmed/genes_gemma.npz	76541384	79d0e4098b0416a4492d93a9633287e441128a3b0d8ea8f2c11420659fb83dcf
s2and	data/s2and/proc/pubmed/genes_gemma_genkron.npz	76541384	263ddb72c36158fd2320320f51b833b9acbeeb79b50b10819dbd1f6c2945182f
s2and	data/s2and/proc/pubmed/genes_mistral.npz	94180808	267e2df9fb2e550e0f035616754681e1c422dfbaf0f58e3af6b9f7ddfcb5b80b
s2and	data/s2and/proc/pubmed/genes_mistral_genkron.npz	94180808	1bb55ab729d1b178f6e79853dfb843fb34223b18c4841e061d99bc978bbe5e8a
s2and	data/s2and/proc/pubmed/genes_qwen.npz	105940424	2d8a6570e4a417f36c142689ad8fac10d17270d656fbb907c3e2ba72976acc44
s2and	data/s2and/proc/pubmed/genes_qwen_genkron.npz	105940424	2f6d7f4148fccbd89b538a95601414127c4a6694ccfb17f71ac924954780d584
s2and	data/s2and/proc/pubmed/instructor.npz	8923580	587d44367242405f1ab0537e66e9160cf0e226801700471d4af76732b0aebe44
s2and	data/s2and/proc/pubmed/paper_text.parquet	2227793	1026bfdc7761535c0849e1ebf7f9c8485fdf03a27d2979ca2cb5aa14812f756d
s2and	data/s2and/proc/pubmed/sbert.npz	8923580	514bb33bdb72388dd7548fe738a07739cb68a943eb82204335b1c2600aed387f
s2and	data/s2and/proc/pubmed/specter.npz	8923580	a87a56ccbb720d604d76441629674b6d9d90795d3affffcaf718d4517f28ebd0
s2and	data/s2and/proc/qian/genes_gemma.npz	174410244	4e40dd166b2a0c51dd4a55059227a2848bb1971e682b8e8cfdb32ed5556d672c
s2and	data/s2and/proc/qian/genes_gemma_genkron.npz	174410244	2932da3083f41a92b4b3e8484919b977f5278ced0e33cf62c68febf85f06fe5e
s2and	data/s2and/proc/qian/genes_mistral.npz	214604292	480e2897c209d16b0bac44a599dba26e32fd05625b5855fd7c9ffb2544df084d
s2and	data/s2and/proc/qian/genes_mistral_genkron.npz	214604292	dfbf9109025381e05d62a740592545cadda425875445efe7c0c7cbfe9287ae8f
s2and	data/s2and/proc/qian/genes_qwen.npz	241400324	9fff14832c97a1dc93668d500da42af287d20711240b6fed8c61d67f516a30c4
s2and	data/s2and/proc/qian/genes_qwen_genkron.npz	241400324	ebb5175a3e5682d36ecc79aece05232ad9be6db8a1edca7681609558df2d58d0
s2and	data/s2and/proc/qian/instructor.npz	20333048	8a51649af5005cbc24c2d293b28e025af5a01c043190d067a0834a4b324ba4b6
s2and	data/s2and/proc/qian/paper_text.parquet	3300866	c09734ff61142905f971b36deeb45794ae07f4fd924f94fbc001ec3d77d68a71
s2and	data/s2and/proc/qian/sbert.npz	20333048	d25738571ad422788127281a3babb32a291c901dc0c06214a0bbc066a9a262c7
s2and	data/s2and/proc/qian/specter.npz	20333048	0d20cc76bc5e0ee2aa95638e1b3abe2bb3e7212f357a8bb7223ae4f90f0e9559
s2and	data/s2and/proc/zbmath/genes_gemma.npz	327625264	f6e20f17c9ba68e31ded6e47e4dd1a915750677800425fe528f2f41ba6136306
s2and	data/s2and/proc/zbmath/genes_gemma_genkron.npz	327625264	08ac05da6104a2e2fd2cc3ffb325e2ddc9a1186d569186625a4df70359362ced
s2and	data/s2and/proc/zbmath/genes_mistral.npz	403128880	7b9ef779c0ee7eafa594b874c0f6013e7e9a312d90d8f05a02aed29c473fcba2
s2and	data/s2and/proc/zbmath/genes_mistral_genkron.npz	403128880	5dbff6f106edafd70fc7283b885bde70fbeb982ba673072c43c7935735f3b2fc
s2and	data/s2and/proc/zbmath/genes_qwen.npz	453464624	bbba5bcef6c19363ed4dc7f2a4c205aae6f5af0173cffb47d2456d6094408857
s2and	data/s2and/proc/zbmath/genes_qwen_genkron.npz	453464624	43c622d119de99a9e22fdee401e5490344cf28089055a002884ef63d6454a3de
s2and	data/s2and/proc/zbmath/instructor.npz	38194724	c9d16c55194f4ac448add1d61fe0ad71d846eaa04363c8cc16781b7a74a33470
s2and	data/s2and/proc/zbmath/paper_text.parquet	3113650	c60dade8687e55c6de58f27521e178faef2130abd7bc32b024851d269cf17226
s2and	data/s2and/proc/zbmath/sbert.npz	38194724	bb0a15a231aa50b172497b14d4aa645de04d568ecdbca88cb51f078d30ab9955
s2and	data/s2and/proc/zbmath/specter.npz	38194724	7560e8e0d9f1ac85961a36f8b249a5bd248f55ea9f0a529cc13ed2a1708607c5
